,brand,processor_brand,processor_name,processor_gnrtn,ram_gb,ram_type,ssd,hdd,os,os_bit,graphic_card_gb,weight,warranty,Touchscreen,msoffice,Price,rating,Number of Ratings,Number of Reviews
0,0,1,1,0,2,1,0,1,2,1,0 GB,Casual,No warranty,No,No,34649,2 stars,3,0
1,1,1,1,0,2,1,0,1,2,1,0 GB,Casual,No warranty,No,No,38999,3 stars,65,5
2,1,1,1,0,2,1,0,1,2,1,0 GB,Casual,No warranty,No,No,39999,3 stars,8,1
3,0,1,2,0,3,1,6,0,2,0,2 GB,Casual,No warranty,No,No,69990,3 stars,0,0
4,0,1,0,7,2,1,0,3,2,1,0 GB,Casual,No warranty,No,No,26990,3 stars,0,0
5,0,1,0,7,2,1,0,3,2,1,0 GB,Casual,No warranty,No,No,22990,3 stars,0,0
6,0,1,0,7,2,1,0,3,2,0,0 GB,Casual,No warranty,No,No,21990,3 stars,31,3
7,0,1,2,0,3,1,0,1,2,0,2 GB,Casual,No warranty,No,No,58799,3 stars,0,0
8,1,1,2,0,2,1,0,1,2,0,0 GB,Casual,No warranty,No,No,49999,3 stars,0,0
9,2,0,8,0,2,1,0,3,2,0,4 GB,Casual,No warranty,No,No,59990,4 stars,1946,240
10,2,0,8,0,2,1,0,3,2,0,6 GB,Casual,No warranty,No,No,93700,4 stars,259,47
11,2,0,8,0,2,1,0,3,2,0,4 GB,Casual,No warranty,No,No,72990,4 stars,425,67
12,3,1,0,7,2,1,0,3,2,1,0 GB,Casual,No warranty,No,No,17490,3 stars,1120,196
14,0,1,1,1,2,1,4,0,2,1,0 GB,Casual,No warranty,No,No,35990,3 stars,0,0
15,4,1,1,1,3,1,4,0,2,1,0 GB,Casual,1 year,Yes,No,56490,3 stars,0,0
16,4,1,2,1,3,1,4,0,2,1,0 GB,Casual,1 year,No,No,65390,3 stars,0,0
17,1,1,0,7,2,1,4,0,2,1,0 GB,ThinNlight,No warranty,No,No,31999,4 stars,286,19
18,4,1,0,7,3,1,4,0,2,1,0 GB,ThinNlight,No warranty,No,No,32490,4 stars,58,6
19,1,1,0,7,2,1,4,0,2,1,0 GB,ThinNlight,No warranty,No,No,31799,3 stars,0,0
20,0,1,0,7,2,1,4,0,2,1,0 GB,Casual,No warranty,No,No,29890,4 stars,7,0
21,0,1,0,7,2,1,0,1,2,1,0 GB,Casual,1 year,No,No,23990,3 stars,15279,1947
22,4,1,1,4,2,1,0,1,2,1,0 GB,Casual,No warranty,No,No,32955,4 stars,311,27
23,4,1,2,4,2,1,0,1,2,0,2 GB,Casual,No warranty,No,No,46200,4 stars,47,7
24,0,1,1,1,2,1,4,0,2,1,0 GB,ThinNlight,No warranty,No,No,34429,4 stars,37,6
25,1,1,1,0,3,1,4,0,2,0,0 GB,ThinNlight,2 years,No,Yes,37990,4 stars,2080,235
26,0,1,1,1,2,1,4,0,2,0,0 GB,Casual,1 year,No,Yes,35990,4 stars,1479,181
27,0,1,1,0,3,1,4,0,2,1,0 GB,ThinNlight,No warranty,No,No,33980,4 stars,67,3
28,4,1,1,1,3,1,4,0,2,1,0 GB,ThinNlight,1 year,No,Yes,39990,4 stars,273,30
29,5,1,1,0,3,1,4,0,2,1,0 GB,ThinNlight,1 year,No,Yes,39490,4 stars,1267,171
30,4,1,1,1,3,1,4,0,2,1,0 GB,Casual,1 year,Yes,Yes,53990,4 stars,14,0
31,2,1,1,1,3,1,4,0,2,1,0 GB,ThinNlight,1 year,No,No,38990,3 stars,0,0
32,0,1,1,1,3,1,4,0,2,1,0 GB,ThinNlight,1 year,No,No,37990,4 stars,284,39
33,0,1,1,1,3,1,4,0,2,1,0 GB,Casual,1 year,No,Yes,37890,4 stars,44,5
34,1,1,1,1,3,1,4,0,2,1,0 GB,ThinNlight,1 year,No,No,38990,4 stars,33,4
35,1,1,1,0,3,1,4,0,2,1,0 GB,ThinNlight,No warranty,No,No,37990,4 stars,286,36
36,5,1,1,1,3,1,4,0,2,1,0 GB,ThinNlight,1 year,No,Yes,41990,3 stars,10,5
37,0,1,1,1,3,1,4,0,2,1,0 GB,Casual,1 year,No,No,45990,4 stars,816,147
38,1,1,1,1,3,1,4,0,2,1,0 GB,ThinNlight,1 year,No,No,39990,4 stars,543,65
39,5,1,1,1,3,1,4,0,2,1,0 GB,ThinNlight,No warranty,No,No,42490,4 stars,9,1
40,5,1,1,0,2,1,4,0,2,1,0 GB,ThinNlight,1 year,No,Yes,36990,4 stars,1178,137
41,1,1,1,1,3,1,4,0,2,1,0 GB,Casual,1 year,Yes,Yes,53990,4 stars,299,41
42,0,1,1,1,3,1,4,0,2,1,0 GB,ThinNlight,No warranty,No,No,36990,4 stars,20,1
43,1,1,1,0,2,1,4,0,2,1,0 GB,Casual,2 years,No,No,38940,4 stars,758,64
44,5,1,1,0,2,1,4,0,2,1,0 GB,Casual,1 year,No,Yes,39490,4 stars,634,64
46,1,1,1,0,3,1,4,0,2,1,0 GB,Casual,2 years,No,Yes,39999,5 stars,4,0
47,5,1,1,1,3,1,4,0,2,1,0 GB,ThinNlight,1 year,No,No,42990,4 stars,17,2
48,5,1,1,1,3,1,4,0,2,1,0 GB,Casual,1 year,Yes,No,49990,4 stars,24,5
49,5,1,1,1,3,1,4,0,2,1,0 GB,ThinNlight,1 year,No,Yes,41490,4 stars,1753,165
50,5,1,1,1,3,1,4,0,2,1,0 GB,ThinNlight,No warranty,No,No,41990,4 stars,216,21
51,1,1,1,1,3,1,4,0,2,1,0 GB,ThinNlight,1 year,No,Yes,41990,4 stars,1084,160
52,0,1,1,1,3,1,4,0,2,1,0 GB,Casual,1 year,No,No,38490,3 stars,19,3
53,1,1,1,1,2,1,4,0,2,1,0 GB,ThinNlight,1 year,No,Yes,38990,4 stars,106,13
54,1,1,1,1,2,1,4,0,2,1,0 GB,Casual,1 year,No,Yes,44990,4 stars,42,4
55,1,1,1,0,2,1,4,0,2,1,0 GB,ThinNlight,No warranty,No,No,36490,3 stars,0,0
56,1,1,1,0,3,1,4,0,2,0,0 GB,Casual,No warranty,No,No,38970,3 stars,0,0
57,4,1,1,1,2,1,4,0,2,1,0 GB,ThinNlight,1 year,No,Yes,44900,4 stars,1029,107
58,6,1,1,0,2,1,4,0,2,1,0 GB,ThinNlight,No warranty,No,No,38990,4 stars,53,11
59,5,1,1,1,2,1,4,0,2,1,0 GB,ThinNlight,No warranty,No,No,44427,3 stars,0,0
60,0,1,1,0,2,1,4,0,2,1,0 GB,Casual,1 year,No,No,35990,3 stars,0,0
61,1,1,1,0,2,1,4,0,2,1,0 GB,Casual,1 year,No,Yes,40200,3 stars,48,1
62,1,1,1,0,2,1,4,0,2,0,0 GB,Casual,No warranty,No,No,40990,3 stars,3,0
63,5,1,1,0,2,1,4,0,2,1,0 GB,ThinNlight,1 year,No,No,42490,3 stars,0,0
64,2,1,0,7,2,1,0,3,2,0,0 GB,Casual,No warranty,No,No,23990,3 stars,61,4
65,5,1,1,1,2,1,4,0,2,1,0 GB,Casual,No warranty,Yes,No,71999,4 stars,97,13
66,0,1,1,1,2,1,4,0,2,1,0 GB,Casual,1 year,No,No,39990,4 stars,181,19
67,1,1,1,0,2,1,4,0,2,1,0 GB,Casual,1 year,No,Yes,41998,4 stars,529,39
68,0,1,1,1,2,1,4,0,2,0,0 GB,Casual,No warranty,No,No,41990,3 stars,0,0
69,1,1,1,0,2,1,4,0,2,1,0 GB,Casual,2 years,No,Yes,39999,3 stars,0,0
70,0,1,1,0,2,1,4,0,2,0,0 GB,Casual,No warranty,No,No,39990,3 stars,0,0
71,1,1,1,1,2,1,4,0,2,1,0 GB,Casual,No warranty,No,No,39998,4 stars,10,1
72,4,1,1,1,2,1,4,0,2,1,0 GB,ThinNlight,1 year,No,Yes,42490,4 stars,5205,561
73,1,1,1,0,2,1,4,0,2,0,0 GB,Casual,No warranty,No,No,41990,3 stars,3,0
74,0,1,1,1,2,1,4,0,2,0,0 GB,Casual,No warranty,No,No,48490,3 stars,0,0
75,4,1,1,1,2,1,4,0,2,1,0 GB,ThinNlight,1 year,No,Yes,44376,4 stars,1090,96
76,5,1,1,1,2,1,4,0,2,0,0 GB,Casual,No warranty,No,No,43900,3 stars,0,0
77,5,1,1,1,2,1,4,0,2,1,0 GB,Casual,1 year,No,No,46690,3 stars,0,0
78,1,1,1,0,2,1,4,0,2,0,0 GB,Casual,No warranty,No,No,40990,5 stars,1,1
79,5,1,1,0,2,1,4,0,2,1,0 GB,ThinNlight,1 year,No,No,39990,4 stars,44,2
80,1,1,1,1,2,1,4,0,2,1,0 GB,ThinNlight,No warranty,No,No,43990,3 stars,0,0
81,0,1,1,1,2,1,4,0,2,1,0 GB,ThinNlight,1 year,No,No,36990,4 stars,70,9
82,5,1,1,1,3,1,4,0,2,1,0 GB,Casual,1 year,No,No,48500,3 stars,0,0
83,0,1,1,1,3,1,4,0,2,1,0 GB,Casual,No warranty,No,No,48990,3 stars,0,0
84,0,1,0,7,2,4,0,3,2,0,0 GB,Casual,No warranty,No,No,23490,4 stars,632,92
85,4,1,1,5,2,1,4,0,2,1,0 GB,Casual,1 year,Yes,Yes,54238,4 stars,71,8
86,0,1,1,0,3,1,6,0,2,1,0 GB,Casual,1 year,No,No,37990,4 stars,990,108
87,4,1,1,1,3,1,6,0,2,1,0 GB,ThinNlight,1 year,No,Yes,42990,4 stars,158,18
88,4,1,1,1,3,1,6,0,2,1,0 GB,ThinNlight,1 year,No,Yes,42990,4 stars,681,59
89,0,1,1,0,2,1,6,0,2,1,0 GB,Casual,1 year,No,No,35990,4 stars,130,12
90,0,1,1,1,3,1,6,0,2,1,0 GB,Casual,1 year,No,No,42990,4 stars,30,4
91,0,1,1,1,3,5,6,0,2,0,0 GB,Casual,1 year,Yes,Yes,51990,4 stars,6,2
92,0,1,1,1,3,1,6,0,2,1,0 GB,Casual,1 year,No,No,48990,4 stars,174,30
93,0,1,1,1,3,1,6,0,2,1,0 GB,Casual,1 year,No,No,42990,4 stars,40,7
94,1,1,1,0,3,1,6,0,2,1,0 GB,ThinNlight,1 year,No,No,38990,3 stars,13,1
95,5,1,1,1,3,1,6,0,2,1,0 GB,ThinNlight,No warranty,No,No,45990,4 stars,184,29
96,4,1,1,0,3,1,6,0,2,1,0 GB,ThinNlight,1 year,No,Yes,42490,4 stars,1296,126
97,4,1,1,1,3,1,6,0,2,1,0 GB,ThinNlight,1 year,No,Yes,43970,4 stars,571,56
98,0,1,1,0,2,1,6,0,2,1,0 GB,ThinNlight,1 year,No,Yes,39990,4 stars,2551,297
99,6,1,1,1,3,1,6,0,2,1,0 GB,ThinNlight,No warranty,No,No,48990,4 stars,17,3
100,4,1,1,1,3,1,6,0,2,1,0 GB,Casual,1 year,No,Yes,54990,4 stars,35,3
101,6,1,1,0,3,1,6,0,2,1,0 GB,ThinNlight,No warranty,No,No,40990,4 stars,118,17
102,0,1,1,1,3,1,6,0,2,1,0 GB,ThinNlight,1 year,No,Yes,41990,3 stars,0,0
103,1,1,1,1,3,1,6,0,2,1,0 GB,ThinNlight,1 year,Yes,No,54990,4 stars,245,34
104,0,1,1,1,3,1,6,0,2,1,0 GB,Casual,1 year,No,Yes,44990,4 stars,2058,305
105,4,1,1,1,3,1,6,0,2,1,0 GB,Casual,1 year,No,No,41250,4 stars,117,11
106,4,1,1,1,3,1,6,0,2,1,0 GB,ThinNlight,No warranty,No,No,44990,3 stars,0,0
107,0,1,1,1,3,1,6,0,2,1,0 GB,Casual,1 year,No,No,42990,4 stars,74,11
108,5,1,1,1,3,1,6,0,2,1,0 GB,Casual,1 year,Yes,No,60790,4 stars,10,1
109,4,1,1,1,3,1,6,0,2,1,0 GB,Casual,No warranty,No,No,45650,4 stars,39,4
110,5,1,1,0,3,1,6,0,2,1,0 GB,ThinNlight,1 year,No,Yes,41990,3 stars,29,7
111,5,1,1,0,3,1,6,0,2,1,0 GB,ThinNlight,1 year,No,No,45490,4 stars,43,4
112,0,1,1,1,3,1,6,0,2,1,0 GB,ThinNlight,1 year,No,Yes,44990,3 stars,0,0
113,1,1,1,1,3,1,6,0,2,1,0 GB,ThinNlight,2 years,No,Yes,42990,4 stars,984,99
114,4,1,1,1,2,1,6,0,2,1,0 GB,ThinNlight,1 year,No,Yes,45490,4 stars,523,66
115,4,1,1,0,2,1,6,0,2,0,0 GB,Casual,No warranty,No,No,38799,4 stars,30,1
116,4,1,1,1,2,1,6,0,2,1,0 GB,Casual,1 year,Yes,Yes,69267,3 stars,0,0
117,0,1,1,1,2,1,6,0,2,1,0 GB,Casual,1 year,No,Yes,51649,3 stars,0,0
118,4,1,1,1,2,1,6,0,2,1,0 GB,ThinNlight,1 year,No,Yes,47990,4 stars,1605,215
119,0,1,1,0,2,1,6,0,2,1,0 GB,Casual,1 year,No,No,40990,4 stars,4008,519
120,0,1,1,0,2,1,6,0,2,1,0 GB,ThinNlight,1 year,No,Yes,42990,4 stars,1869,234
121,0,1,1,1,2,1,6,0,2,1,0 GB,Casual,1 year,No,No,44890,3 stars,7,0
122,0,1,1,0,2,1,6,0,2,1,0 GB,Casual,1 year,No,No,41490,4 stars,4008,519
123,4,1,1,1,2,1,6,0,2,0,0 GB,ThinNlight,1 year,No,No,50990,3 stars,0,0
124,4,1,1,1,2,1,6,0,2,1,0 GB,ThinNlight,1 year,No,Yes,48900,4 stars,1278,135
126,5,1,1,0,2,1,6,0,2,1,0 GB,Casual,No warranty,No,No,41790,3 stars,0,0
127,1,1,1,1,2,1,6,0,2,1,0 GB,Casual,1 year,Yes,Yes,57999,3 stars,10,2
128,5,1,1,1,3,1,6,0,2,1,0 GB,ThinNlight,No warranty,No,No,45930,3 stars,0,0
129,4,1,1,1,3,1,6,0,2,1,0 GB,Casual,1 year,Yes,Yes,55490,4 stars,143,15
130,0,1,1,0,3,1,0,1,2,1,0 GB,Casual,1 year,No,No,32890,3 stars,28,4
131,1,1,1,0,3,1,0,1,2,1,0 GB,ThinNlight,1 year,No,Yes,35990,4 stars,2124,233
132,5,1,1,1,3,1,0,1,2,1,0 GB,ThinNlight,No warranty,No,No,42490,4 stars,276,40
133,5,1,1,1,3,1,0,1,2,1,0 GB,ThinNlight,No warranty,No,No,42190,3 stars,250,21
134,5,1,1,0,3,1,0,1,2,1,0 GB,ThinNlight,1 year,No,Yes,39490,4 stars,1917,189
135,4,1,1,1,3,1,0,1,2,1,0 GB,ThinNlight,1 year,No,Yes,43690,4 stars,4999,490
136,0,1,1,0,2,1,0,1,2,1,0 GB,Casual,1 year,No,No,35990,3 stars,17,0
137,5,1,1,1,3,1,0,1,2,0,0 GB,Casual,No warranty,No,No,43800,4 stars,17,0
138,1,1,1,0,3,1,0,1,2,0,0 GB,Casual,No warranty,No,No,38990,3 stars,0,0
139,0,1,1,0,2,1,0,1,2,1,0 GB,ThinNlight,1 year,No,No,34990,3 stars,4203,490
140,0,1,1,1,3,1,0,1,2,1,0 GB,Casual,1 year,No,No,38900,3 stars,13,0
141,5,1,1,0,2,1,0,1,2,1,0 GB,ThinNlight,1 year,No,No,39990,3 stars,15,1
142,5,1,1,0,2,1,0,1,2,0,0 GB,Casual,No warranty,No,No,40890,4 stars,527,46
143,1,1,1,0,2,1,0,1,2,1,0 GB,ThinNlight,1 year,No,No,36990,3 stars,103,10
144,4,1,1,1,2,1,0,1,2,1,0 GB,ThinNlight,1 year,No,Yes,39990,3 stars,324,45
145,4,1,1,1,2,1,0,1,2,1,0 GB,ThinNlight,1 year,No,Yes,41990,4 stars,69,5
146,5,1,1,1,2,1,0,1,2,0,0 GB,Casual,No warranty,No,No,43970,3 stars,16,0
147,4,1,1,1,2,1,0,1,2,1,0 GB,ThinNlight,1 year,No,No,39790,3 stars,40,3
148,0,1,1,0,2,1,0,1,2,0,0 GB,ThinNlight,No warranty,No,No,35590,3 stars,12,1
149,4,1,1,0,2,1,0,1,2,1,0 GB,ThinNlight,1 year,No,Yes,36490,3 stars,1146,175
150,0,1,1,0,2,1,0,1,2,1,0 GB,ThinNlight,1 year,No,Yes,38990,4 stars,1850,216
151,0,1,1,0,2,1,0,1,2,0,0 GB,ThinNlight,No warranty,No,No,33990,3 stars,43,7
152,5,1,1,0,2,1,0,1,2,1,0 GB,Casual,1 year,No,Yes,43400,4 stars,231,26
153,0,1,0,7,2,4,0,3,2,0,0 GB,Casual,No warranty,No,No,24990,4 stars,502,93
154,4,1,1,0,2,1,0,1,2,1,0 GB,ThinNlight,1 year,No,Yes,40750,4 stars,1096,116
155,5,1,1,0,2,1,0,1,2,1,0 GB,ThinNlight,1 year,No,Yes,43000,4 stars,313,35
156,0,1,1,0,2,1,0,1,2,1,0 GB,Casual,No warranty,No,No,38000,4 stars,7,0
157,5,1,1,1,3,1,0,1,2,1,0 GB,ThinNlight,1 year,No,Yes,37990,3 stars,265,46
158,4,1,1,4,3,1,0,1,2,1,2 GB,Casual,No warranty,No,No,49279,4 stars,38,3
159,1,1,1,0,3,1,0,1,2,0,0 GB,Casual,No warranty,No,No,38999,3 stars,7,2
160,0,1,1,1,3,1,0,1,2,0,0 GB,Casual,No warranty,No,No,41500,3 stars,4,0
161,2,1,1,1,2,1,0,1,2,0,0 GB,Casual,No warranty,No,No,36999,3 stars,0,0
162,5,1,1,1,3,1,0,1,2,0,0 GB,Casual,No warranty,No,No,42900,3 stars,0,0
163,0,1,0,7,2,4,0,3,2,0,0 GB,Casual,No warranty,No,No,21490,3 stars,818,113
164,5,1,1,1,3,1,0,1,2,0,0 GB,Casual,No warranty,No,No,41480,3 stars,25,4
165,0,1,1,0,3,1,0,1,2,1,0 GB,Casual,No warranty,No,No,32990,2 stars,12,0
166,0,1,1,1,3,1,0,1,2,1,0 GB,Casual,1 year,No,No,38680,3 stars,17,1
167,0,1,0,7,2,4,0,3,2,0,0 GB,Casual,No warranty,No,No,23990,4 stars,974,170
168,5,1,1,0,3,1,0,1,2,1,0 GB,ThinNlight,No warranty,No,No,40390,3 stars,83,15
169,0,1,1,0,2,1,0,1,2,1,0 GB,ThinNlight,No warranty,No,No,33990,3 stars,31,6
170,0,1,0,7,2,4,0,3,2,0,0 GB,Casual,No warranty,No,No,20490,3 stars,637,91
171,5,1,1,0,3,1,4,1,2,1,0 GB,ThinNlight,1 year,No,Yes,41490,5 stars,7,5
172,5,1,1,1,3,1,4,1,2,1,0 GB,Casual,No warranty,No,No,45490,4 stars,207,16
173,5,1,1,1,3,1,4,1,2,1,0 GB,Casual,No warranty,No,No,44490,4 stars,844,103
174,0,1,1,1,3,1,4,1,2,1,0 GB,Casual,1 year,No,Yes,41890,4 stars,53,6
175,5,1,1,1,2,1,4,1,2,1,0 GB,ThinNlight,1 year,No,Yes,42990,4 stars,62,7
176,2,1,1,1,3,1,4,1,2,1,0 GB,Casual,No warranty,No,No,40990,4 stars,38,2
177,5,1,1,1,3,1,4,1,2,1,0 GB,ThinNlight,1 year,No,No,48990,4 stars,724,92
178,5,1,1,1,2,1,4,1,2,1,0 GB,ThinNlight,1 year,No,Yes,43590,3 stars,0,0
179,5,1,1,0,2,1,4,1,2,1,0 GB,Casual,1 year,No,No,44690,4 stars,9,0
180,0,1,1,0,2,1,4,1,2,1,0 GB,Casual,No warranty,No,No,40990,3 stars,0,0
181,5,1,1,1,2,1,4,1,2,1,0 GB,ThinNlight,1 year,No,Yes,43990,3 stars,0,0
183,5,1,1,0,2,1,4,1,2,1,0 GB,ThinNlight,1 year,No,Yes,41390,4 stars,56,7
184,5,1,1,0,2,1,4,1,2,1,0 GB,ThinNlight,1 year,No,Yes,44290,3 stars,0,0
185,5,1,1,1,2,1,4,1,2,1,0 GB,Casual,1 year,No,No,48999,3 stars,0,0
186,5,1,1,1,2,1,4,1,2,1,0 GB,ThinNlight,1 year,No,Yes,39990,3 stars,170,11
187,5,1,1,0,3,1,4,1,2,1,0 GB,ThinNlight,No warranty,No,No,46390,2 stars,95,5
188,0,1,0,7,2,4,0,3,2,1,0 GB,Casual,No warranty,No,No,18990,3 stars,197,25
189,0,1,0,7,2,4,0,3,2,0,0 GB,Casual,No warranty,No,No,17990,3 stars,1180,148
190,4,1,0,7,2,1,0,3,2,1,0 GB,Casual,No warranty,No,No,26470,3 stars,232,23
191,4,1,0,7,2,1,0,3,2,1,0 GB,Casual,No warranty,No,No,27990,3 stars,596,65
192,1,1,0,7,2,1,0,1,2,0,0 GB,Casual,No warranty,No,No,29999,3 stars,19,1
193,1,1,0,7,2,5,0,3,2,1,0 GB,Casual,No warranty,No,No,25990,3 stars,84,16
194,1,1,0,7,2,4,0,3,2,0,0 GB,Casual,No warranty,No,No,16990,3 stars,414,54
195,1,1,0,7,2,4,0,3,2,0,0 GB,Casual,No warranty,No,No,24990,2 stars,70,16
196,2,1,2,7,3,2,0,3,2,0,4 GB,Casual,No warranty,No,No,50990,4 stars,10966,1185
197,2,1,2,7,3,4,0,3,2,0,0 GB,Casual,1 year,No,No,119990,4 stars,1,1
198,2,1,2,0,3,4,0,3,0,0,0 GB,Casual,No warranty,No,No,94190,4 stars,31,6
199,0,1,2,0,3,4,0,3,0,0,4 GB,Casual,No warranty,No,No,106167,4 stars,1881,241
200,5,1,2,0,3,4,0,3,0,0,4 GB,Casual,1 year,No,No,68090,1 star,23,4
201,5,1,2,0,3,4,0,3,0,0,0 GB,ThinNlight,1 year,No,No,139990,3 stars,0,0
202,4,1,2,0,3,4,0,3,0,0,0 GB,ThinNlight,No warranty,No,No,55990,4 stars,818,109
203,4,1,2,0,3,4,0,3,0,0,4 GB,Casual,No warranty,No,No,102551,3 stars,0,0
204,1,1,2,0,3,4,0,3,0,0,2 GB,Casual,No warranty,No,No,46990,4 stars,4428,569
205,4,1,2,5,3,1,2,0,2,1,0 GB,ThinNlight,1 year,No,No,76012,4 stars,129,16
206,1,1,2,1,3,1,4,0,2,1,0 GB,Casual,2 years,No,Yes,49490,4 stars,365,35
207,2,1,2,4,3,0,4,0,2,1,0 GB,ThinNlight,1 year,No,Yes,86867,4 stars,39,3
208,0,1,2,1,3,1,4,0,2,1,0 GB,ThinNlight,1 year,No,No,48990,3 stars,0,0
209,5,1,2,1,3,1,4,0,2,1,0 GB,ThinNlight,No warranty,No,No,55990,3 stars,3,0
210,2,1,2,5,3,0,4,0,2,1,0 GB,ThinNlight,1 year,Yes,Yes,81998,4 stars,14,3
211,4,1,2,5,3,1,4,0,2,1,0 GB,Casual,1 year,Yes,Yes,136590,3 stars,0,0
212,2,1,2,5,3,1,4,0,2,1,0 GB,ThinNlight,1 year,No,No,59490,3 stars,33,7
213,0,1,2,1,3,1,4,0,2,1,0 GB,ThinNlight,1 year,No,No,49800,3 stars,0,0
214,1,1,2,1,3,1,4,0,2,1,0 GB,Casual,1 year,No,Yes,61999,2 stars,4,0
215,4,1,2,1,3,1,6,0,2,1,0 GB,ThinNlight,No warranty,No,No,54990,4 stars,116,15
216,4,1,2,1,3,1,6,0,2,1,0 GB,ThinNlight,1 year,No,No,53990,4 stars,206,17
217,1,1,2,1,3,1,6,0,2,1,0 GB,Casual,2 years,No,Yes,52990,4 stars,300,24
218,4,1,2,1,0,1,6,0,2,1,0 GB,ThinNlight,1 year,No,Yes,67990,4 stars,108,6
219,0,1,2,0,3,1,6,0,2,1,4 GB,Gaming,1 year,No,No,57990,4 stars,3712,412
220,1,1,2,1,0,1,6,0,2,1,0 GB,ThinNlight,1 year,No,Yes,62300,4 stars,825,95
221,1,1,2,1,3,1,6,0,2,1,0 GB,ThinNlight,1 year,No,No,52990,3 stars,0,0
222,1,1,2,1,3,1,6,0,2,1,0 GB,ThinNlight,2 years,No,Yes,51990,4 stars,85,4
223,1,1,2,1,0,1,6,0,2,1,0 GB,ThinNlight,No warranty,No,No,61990,4 stars,56,7
224,0,1,2,1,3,5,6,0,2,0,0 GB,Casual,1 year,Yes,Yes,63990,4 stars,10,1
225,1,1,2,1,3,1,6,0,2,1,0 GB,Casual,1 year,No,Yes,65990,4 stars,17,4
226,2,1,2,1,3,1,6,0,2,1,0 GB,ThinNlight,1 year,No,No,52990,4 stars,155,20
227,1,1,2,0,3,1,6,0,2,1,0 GB,ThinNlight,1 year,No,No,49990,3 stars,0,0
228,0,1,2,1,3,1,6,0,2,1,4 GB,Gaming,No warranty,No,No,71990,4 stars,91,17
229,0,1,2,0,3,1,6,0,2,1,0 GB,Casual,1 year,No,No,47990,4 stars,35,2
230,1,1,2,0,3,1,6,0,2,0,0 GB,ThinNlight,2 years,No,Yes,48490,4 stars,126,13
231,0,1,2,1,3,1,6,0,2,1,4 GB,Gaming,No warranty,No,No,72990,4 stars,74,10
232,6,1,2,1,0,1,6,0,2,1,4 GB,Casual,2 years,No,No,76990,4 stars,75,17
233,0,1,2,1,0,1,6,0,2,1,6 GB,Gaming,1 year,No,Yes,89990,4 stars,124,17
234,6,1,2,0,3,1,6,0,2,1,4 GB,Casual,2 years,No,No,59990,4 stars,1597,228
235,0,1,2,0,3,1,6,0,2,1,4 GB,Gaming,1 year,No,Yes,65990,4 stars,3850,378
236,5,1,2,1,3,1,6,0,2,1,0 GB,Casual,No warranty,Yes,No,71990,4 stars,7,1
237,5,1,2,1,3,1,6,0,2,1,0 GB,Casual,No warranty,Yes,No,71890,4 stars,3,0
238,1,1,2,1,0,1,6,0,2,1,0 GB,ThinNlight,No warranty,No,No,64990,3 stars,0,0
239,0,1,2,1,0,1,6,0,2,1,0 GB,Casual,1 year,No,No,65990,3 stars,0,0
240,4,1,2,1,3,1,6,0,2,1,0 GB,ThinNlight,No warranty,No,No,55999,4 stars,5,1
241,0,1,2,1,0,1,6,0,2,1,4 GB,Casual,1 year,No,No,73490,4 stars,213,45
242,4,1,2,1,0,1,6,0,2,1,0 GB,ThinNlight,1 year,No,Yes,74490,4 stars,10,0
243,4,1,2,1,3,1,6,0,2,1,0 GB,ThinNlight,1 year,No,Yes,58340,4 stars,69,6
244,2,1,2,1,3,1,6,0,2,1,0 GB,ThinNlight,1 year,No,No,55999,4 stars,6,0
245,5,1,2,1,0,1,6,0,2,1,0 GB,ThinNlight,No warranty,No,No,67990,4 stars,93,9
246,0,1,2,1,0,1,6,0,2,1,0 GB,Casual,1 year,No,No,59990,4 stars,11,2
247,0,1,2,1,0,1,6,0,2,1,6 GB,Casual,1 year,No,Yes,82990,4 stars,262,31
248,5,1,2,1,3,1,6,0,2,1,2 GB,Casual,1 year,No,Yes,64190,3 stars,0,0
249,5,1,2,1,0,1,6,0,2,1,0 GB,ThinNlight,No warranty,No,No,70090,4 stars,5,1
250,0,1,2,0,3,1,6,0,2,1,2 GB,ThinNlight,1 year,No,No,49990,4 stars,45,3
251,6,1,2,1,3,1,6,0,2,1,0 GB,ThinNlight,No warranty,No,No,55490,3 stars,8,1
252,4,1,2,1,3,5,6,0,2,1,0 GB,Casual,No warranty,Yes,No,97990,5 stars,3,1
253,0,1,2,6,3,1,6,0,2,1,4 GB,Gaming,1 year,No,Yes,54990,4 stars,1681,227
254,1,1,2,1,3,1,6,0,2,1,0 GB,ThinNlight,1 year,No,Yes,59990,4 stars,37,2
255,1,1,2,1,3,1,6,0,2,1,0 GB,ThinNlight,1 year,No,Yes,53990,4 stars,61,2
256,4,1,2,1,0,1,6,0,2,1,0 GB,ThinNlight,1 year,No,Yes,66999,4 stars,17,1
257,2,1,2,1,3,5,6,0,2,1,0 GB,ThinNlight,1 year,No,Yes,60990,4 stars,17,1
258,0,1,2,0,3,1,6,0,2,1,0 GB,ThinNlight,1 year,No,Yes,47990,4 stars,1625,152
259,4,1,2,1,3,1,6,0,2,0,0 GB,ThinNlight,1 year,No,Yes,59999,4 stars,4,1
260,5,1,2,0,0,1,6,0,2,1,4 GB,Casual,1 year,No,No,79990,3 stars,0,0
261,0,1,2,0,3,1,6,0,2,1,4 GB,Gaming,1 year,No,No,63990,3 stars,0,0
262,4,1,2,1,3,1,6,0,2,1,0 GB,ThinNlight,1 year,No,Yes,63990,4 stars,17,1
263,0,1,2,1,0,1,6,0,2,1,0 GB,Casual,1 year,No,No,59990,3 stars,0,0
264,1,1,2,1,3,1,6,0,2,1,0 GB,ThinNlight,1 year,No,No,55990,3 stars,0,0
266,4,1,2,1,3,1,6,0,2,1,0 GB,ThinNlight,1 year,No,Yes,63990,4 stars,3,0
267,5,1,2,1,0,1,6,0,2,1,2 GB,Casual,1 year,No,Yes,69490,3 stars,0,0
268,5,1,2,1,0,1,6,0,2,1,0 GB,Casual,1 year,Yes,Yes,89390,3 stars,0,0
269,0,1,2,1,3,5,6,0,2,1,0 GB,ThinNlight,No warranty,No,No,74990,3 stars,0,0
270,1,1,2,1,3,1,6,0,2,1,0 GB,Casual,3 years,Yes,Yes,64990,4 stars,48,12
271,1,1,2,0,3,1,6,0,2,1,4 GB,Casual,1 year,No,Yes,66490,4 stars,282,36
272,5,1,2,1,0,1,6,0,2,1,2 GB,Casual,1 year,No,Yes,89702,3 stars,0,0
273,1,1,2,1,0,1,6,0,2,1,2 GB,Casual,1 year,No,Yes,70990,4 stars,67,4
274,0,1,2,1,0,1,6,0,2,1,0 GB,Casual,1 year,Yes,Yes,58990,3 stars,0,0
275,1,1,2,0,3,1,6,0,2,1,2 GB,Casual,1 year,No,Yes,57500,3 stars,0,0
276,5,1,2,1,3,1,6,0,2,1,2 GB,Casual,1 year,Yes,Yes,79990,4 stars,23,2
277,6,1,2,0,3,1,6,0,2,1,0 GB,Casual,No warranty,No,No,56541,4 stars,677,87
278,0,1,2,1,0,1,6,0,2,1,0 GB,ThinNlight,No warranty,No,No,59990,3 stars,3,0
279,1,1,2,1,0,1,6,0,2,1,0 GB,Casual,1 year,No,Yes,64990,4 stars,46,4
280,5,1,2,1,3,1,6,0,2,1,0 GB,ThinNlight,1 year,No,No,61290,3 stars,4,1
281,1,1,2,1,3,1,6,0,2,1,0 GB,ThinNlight,1 year,No,Yes,54990,4 stars,9,1
282,1,1,2,1,3,1,6,0,2,1,0 GB,Casual,1 year,No,Yes,59990,4 stars,26,4
283,0,1,2,1,3,1,6,0,2,0,6 GB,Casual,1 year,No,No,84990,5 stars,5,0
284,4,1,2,1,3,1,6,0,2,1,0 GB,ThinNlight,1 year,No,Yes,72500,4 stars,40,3
285,1,1,2,1,3,1,6,0,2,1,4 GB,Gaming,No warranty,No,No,59990,3 stars,44,6
286,1,1,2,1,3,1,6,0,2,1,0 GB,Casual,1 year,Yes,Yes,87990,4 stars,28,6
287,4,1,2,1,3,1,6,0,2,1,0 GB,ThinNlight,No warranty,No,No,57990,4 stars,1541,123
288,5,1,2,1,3,1,6,0,2,1,0 GB,ThinNlight,1 year,No,Yes,69490,4 stars,72,7
289,1,1,2,1,3,1,6,0,2,1,0 GB,Casual,3 years,Yes,Yes,68990,4 stars,44,8
290,1,1,2,1,3,1,6,0,2,0,0 GB,Casual,1 year,No,Yes,77990,4 stars,17,2
291,0,1,2,1,3,5,6,0,2,1,0 GB,Casual,1 year,Yes,No,105990,4 stars,59,11
292,6,1,2,1,3,5,6,0,2,1,0 GB,Casual,1 year,No,No,79990,3 stars,0,0
293,5,1,2,1,3,1,6,0,2,1,0 GB,ThinNlight,1 year,No,Yes,55490,4 stars,337,27
294,1,1,2,1,3,1,6,0,2,1,0 GB,ThinNlight,1 year,No,Yes,69990,4 stars,10,2
295,0,1,2,1,3,1,6,0,2,1,0 GB,Casual,1 year,Yes,Yes,84990,4 stars,10,2
296,5,1,2,1,3,1,6,0,2,1,0 GB,ThinNlight,No warranty,No,No,59990,3 stars,31,7
297,5,1,2,0,3,5,6,0,2,1,0 GB,ThinNlight,1 year,No,Yes,111890,3 stars,0,0
298,5,1,2,1,3,1,6,0,2,1,2 GB,Casual,1 year,No,No,65990,4 stars,10,0
299,0,1,2,1,3,5,6,0,2,0,0 GB,Casual,1 year,No,Yes,72990,4 stars,76,14
300,5,1,2,1,3,1,6,0,2,1,0 GB,ThinNlight,1 year,No,Yes,71090,4 stars,44,6
301,6,1,2,1,3,1,6,0,2,1,4 GB,Casual,2 years,No,No,74990,3 stars,0,0
302,0,1,2,0,3,3,6,0,2,1,0 GB,Casual,1 year,No,Yes,79990,4 stars,11,3
303,6,1,2,1,3,1,6,0,2,1,0 GB,Casual,1 year,No,No,55490,4 stars,138,16
304,5,1,2,1,3,1,6,0,2,1,2 GB,ThinNlight,1 year,No,Yes,66490,4 stars,199,17
305,0,1,2,1,3,1,6,0,2,1,0 GB,Casual,1 year,No,Yes,53400,4 stars,46,6
306,5,1,2,1,3,1,6,0,2,1,0 GB,Casual,1 year,Yes,Yes,74500,4 stars,45,5
307,5,1,2,1,3,5,6,0,2,1,0 GB,ThinNlight,1 year,No,Yes,114990,3 stars,0,0
308,5,1,2,1,3,1,6,0,2,1,2 GB,ThinNlight,No warranty,No,No,61990,4 stars,35,4
309,7,1,2,0,3,5,6,0,1,1,0 GB,Casual,1 year,No,No,159990,4 stars,32,5
310,7,1,2,5,3,0,6,0,1,1,0 GB,Casual,1 year,No,No,172090,4 stars,108,13
311,6,1,2,1,3,1,6,0,2,1,4 GB,Casual,No warranty,No,No,74990,3 stars,0,0
312,6,1,2,0,3,1,6,0,2,1,0 GB,Casual,1 year,No,No,56490,4 stars,814,112
313,1,1,2,0,3,1,6,0,2,1,0 GB,ThinNlight,3 years,No,No,147000,3 stars,0,0
314,1,1,2,1,3,1,6,0,2,1,0 GB,ThinNlight,1 year,No,Yes,55990,4 stars,75,9
315,4,1,2,1,3,1,6,0,2,1,4 GB,Gaming,1 year,No,Yes,77990,3 stars,0,0
316,4,1,2,0,3,1,6,0,2,1,4 GB,Casual,1 year,No,Yes,106490,4 stars,3,0
317,1,1,2,1,3,1,6,0,2,0,2 GB,Casual,1 year,No,Yes,70990,4 stars,11,3
318,1,1,2,1,3,1,6,0,2,1,0 GB,Casual,1 year,No,Yes,64990,4 stars,125,11
319,2,1,2,1,3,1,6,0,2,1,0 GB,Casual,1 year,No,No,57990,3 stars,0,0
320,0,1,2,0,3,1,6,0,2,1,4 GB,Gaming,1 year,No,No,64990,4 stars,4,0
321,6,1,2,0,3,1,6,0,2,1,0 GB,Casual,1 year,No,No,54990,4 stars,714,147
322,4,1,2,1,3,5,6,0,2,1,0 GB,Casual,No warranty,Yes,No,111999,3 stars,0,0
323,1,1,2,0,3,5,6,0,2,1,2 GB,Casual,1 year,No,Yes,70798,4 stars,21,3
324,1,1,2,6,3,1,6,0,2,1,4 GB,Casual,No warranty,No,No,59990,3 stars,9,1
325,2,1,2,5,3,1,6,0,2,1,4 GB,Casual,1 year,No,No,99500,3 stars,0,0
326,4,1,2,0,3,1,6,0,2,1,0 GB,ThinNlight,1 year,No,Yes,55990,4 stars,30,4
327,0,1,2,5,3,3,6,0,2,1,0 GB,ThinNlight,1 year,No,No,72990,4 stars,44,4
328,2,1,2,5,3,0,6,0,2,1,0 GB,ThinNlight,1 year,No,No,64990,3 stars,4,1
329,0,1,2,1,3,1,6,0,2,1,0 GB,ThinNlight,No warranty,No,No,57990,3 stars,0,0
330,4,1,2,1,3,1,6,0,2,1,2 GB,Casual,1 year,Yes,Yes,76990,4 stars,14,2
331,1,1,2,1,3,1,6,0,2,1,0 GB,Casual,2 years,No,Yes,62998,4 stars,739,71
332,5,1,2,1,3,1,6,0,2,1,0 GB,Casual,1 year,Yes,Yes,77990,4 stars,31,5
333,4,1,2,0,3,1,6,0,2,1,0 GB,Casual,1 year,Yes,Yes,114990,4 stars,145,19
334,5,1,2,0,3,1,6,0,2,1,2 GB,Casual,1 year,No,Yes,65990,3 stars,0,0
335,5,1,2,1,3,1,6,0,2,1,2 GB,Casual,1 year,No,Yes,88990,3 stars,19,2
336,1,1,2,0,3,1,6,0,2,1,0 GB,Casual,No warranty,No,No,113590,3 stars,0,0
337,0,1,2,1,3,5,6,0,2,1,0 GB,Casual,1 year,Yes,Yes,73990,4 stars,32,6
338,4,1,2,1,3,1,6,0,2,1,0 GB,ThinNlight,1 year,No,Yes,61000,4 stars,1124,100
339,0,1,2,1,3,5,6,0,2,1,0 GB,Casual,1 year,Yes,No,99990,4 stars,35,6
340,1,1,2,1,3,1,6,0,2,1,0 GB,ThinNlight,1 year,No,Yes,67990,4 stars,9,0
341,5,1,2,1,3,1,6,0,2,1,0 GB,Casual,1 year,Yes,Yes,70799,4 stars,98,6
342,1,1,2,1,3,1,6,0,2,1,0 GB,ThinNlight,1 year,No,Yes,65990,4 stars,31,2
343,0,1,2,5,3,1,6,0,2,1,0 GB,ThinNlight,1 year,No,No,53690,4 stars,19,3
344,6,1,2,1,3,1,6,0,2,1,0 GB,ThinNlight,1 year,No,No,55990,3 stars,0,0
345,0,1,2,1,3,1,6,0,2,1,0 GB,Casual,1 year,No,Yes,53190,4 stars,11,0
346,1,1,2,0,3,1,6,0,2,0,2 GB,Casual,2 years,No,Yes,58999,4 stars,45,3
347,5,1,2,1,3,1,6,0,2,1,2 GB,ThinNlight,3 years,No,No,71990,3 stars,0,0
348,4,1,2,1,3,1,6,0,2,0,4 GB,Casual,No warranty,No,No,82000,3 stars,0,0
349,0,1,2,1,3,5,6,0,2,1,0 GB,ThinNlight,No warranty,No,No,84990,3 stars,0,0
350,1,1,2,1,3,1,6,0,2,1,2 GB,Casual,No warranty,No,No,89998,3 stars,0,0
351,0,1,2,1,3,5,6,0,2,1,0 GB,Casual,1 year,Yes,No,99990,3 stars,0,0
353,1,1,2,0,3,1,6,0,2,1,4 GB,Gaming,No warranty,No,No,69899,4 stars,474,37
354,5,1,2,0,3,1,6,0,2,1,4 GB,Casual,1 year,No,No,79990,3 stars,0,0
355,5,1,2,0,3,1,6,0,2,1,4 GB,Casual,1 year,No,No,76300,4 stars,6,0
356,1,1,2,0,3,1,6,0,2,1,0 GB,Casual,1 year,No,Yes,55999,3 stars,0,0
357,5,1,2,1,3,1,6,0,2,1,0 GB,ThinNlight,No warranty,No,No,72900,3 stars,24,4
358,5,1,2,1,3,1,6,0,2,1,0 GB,Casual,1 year,Yes,Yes,73990,4 stars,195,17
359,0,1,2,1,3,4,6,0,2,1,0 GB,ThinNlight,No warranty,No,No,84990,3 stars,0,0
360,5,1,2,1,3,1,6,0,2,0,2 GB,Casual,No warranty,No,No,73519,3 stars,0,0
361,4,1,2,0,3,1,6,0,2,1,0 GB,Casual,1 year,Yes,No,126000,5 stars,2,1
362,0,1,2,1,3,1,6,0,2,1,6 GB,Casual,1 year,No,No,88990,3 stars,0,0
363,4,1,2,1,3,1,6,0,2,1,0 GB,ThinNlight,1 year,Yes,Yes,114999,3 stars,0,0
364,5,1,2,1,3,1,6,0,2,1,2 GB,Casual,1 year,Yes,Yes,82990,4 stars,21,2
365,2,1,2,1,3,1,6,0,2,1,0 GB,ThinNlight,No warranty,Yes,No,109999,3 stars,0,0
366,1,1,2,1,3,1,6,0,2,1,0 GB,ThinNlight,1 year,Yes,Yes,82990,3 stars,0,0
367,5,1,2,1,3,1,6,0,2,1,2 GB,Casual,1 year,Yes,Yes,79990,4 stars,5,0
368,0,1,2,1,3,5,6,0,2,1,0 GB,Casual,1 year,Yes,No,114990,3 stars,0,0
369,4,1,2,1,3,5,6,0,2,1,0 GB,Casual,1 year,Yes,No,129999,3 stars,0,0
370,6,1,2,5,3,2,6,0,2,0,6 GB,Casual,No warranty,No,No,149990,4 stars,10,3
371,5,1,2,1,3,1,6,0,2,1,2 GB,Casual,No warranty,No,No,71290,3 stars,0,0
372,5,1,2,0,3,1,6,0,2,1,0 GB,ThinNlight,1 year,No,Yes,79500,4 stars,10,1
373,5,1,2,0,3,1,6,0,2,1,2 GB,Casual,1 year,No,Yes,82990,3 stars,15,3
374,5,1,2,1,3,1,6,0,2,1,2 GB,Casual,1 year,No,Yes,70980,4 stars,138,23
376,4,1,2,1,3,1,6,0,2,0,0 GB,Casual,No warranty,No,No,94000,3 stars,0,0
377,5,1,2,1,3,1,6,0,2,1,2 GB,Casual,No warranty,Yes,No,82990,4 stars,16,3
378,6,1,2,1,3,5,6,0,2,1,0 GB,Casual,1 year,No,No,79990,4 stars,11,4
379,0,1,2,5,3,1,6,0,2,1,0 GB,ThinNlight,No warranty,No,No,85990,3 stars,0,0
380,0,1,2,0,3,1,6,0,2,1,2 GB,Casual,No warranty,No,No,86990,3 stars,0,0
381,0,1,2,0,3,3,6,0,2,1,2 GB,Casual,1 year,No,Yes,105990,5 stars,4,0
382,0,1,2,0,3,3,6,0,2,1,0 GB,Casual,No warranty,No,No,84990,3 stars,0,0
383,1,1,2,5,3,1,6,0,2,1,2 GB,Casual,1 year,No,Yes,59999,4 stars,22,3
384,1,1,2,1,3,1,6,0,2,1,0 GB,Casual,1 year,No,Yes,91999,4 stars,16,2
385,5,1,2,1,3,1,6,0,2,1,0 GB,Casual,1 year,Yes,Yes,78900,3 stars,16,1
386,0,1,2,0,3,3,6,0,2,1,0 GB,Casual,No warranty,No,No,132790,3 stars,0,0
387,1,1,2,1,3,1,6,0,2,1,4 GB,Gaming,No warranty,No,No,60990,3 stars,14,6
388,3,1,2,4,3,1,6,0,2,1,0 GB,ThinNlight,No warranty,No,No,65556,3 stars,0,0
389,5,1,2,1,0,1,6,0,2,1,0 GB,ThinNlight,No warranty,No,No,70190,3 stars,6,3
390,5,1,2,1,3,1,6,0,2,1,2 GB,Casual,1 year,Yes,No,79590,3 stars,0,0
392,0,1,2,1,3,1,6,0,2,1,4 GB,Casual,1 year,No,No,76990,3 stars,0,0
394,3,1,2,5,3,1,6,0,2,1,0 GB,ThinNlight,No warranty,No,No,44990,3 stars,17,3
395,0,1,2,1,3,1,6,0,2,1,0 GB,Casual,1 year,Yes,Yes,84990,3 stars,17,2
396,1,1,2,0,3,1,6,0,2,1,2 GB,Casual,1 year,Yes,Yes,86999,4 stars,3,0
397,4,1,2,1,0,1,6,0,2,1,2 GB,Casual,1 year,No,No,78000,4 stars,512,85
398,3,1,2,5,3,1,6,0,2,1,0 GB,ThinNlight,No warranty,No,No,73063,3 stars,17,3
400,4,1,2,1,0,1,6,0,2,1,4 GB,Casual,1 year,No,Yes,100990,3 stars,0,0
401,1,1,2,5,3,1,6,0,2,1,0 GB,ThinNlight,1 year,No,Yes,74990,3 stars,3,1
402,0,1,2,0,3,1,6,0,2,1,4 GB,Casual,No warranty,No,No,75990,4 stars,1365,137
403,1,1,2,1,3,1,6,0,2,0,2 GB,Casual,1 year,No,Yes,84086,3 stars,8,3
404,0,1,2,1,3,1,1,0,2,1,4 GB,Gaming,No warranty,No,No,75990,4 stars,368,48
405,0,1,2,1,3,1,1,0,2,1,4 GB,Gaming,1 year,No,Yes,77990,4 stars,202,26
406,0,1,2,0,3,1,1,0,2,1,4 GB,Casual,1 year,No,No,77990,4 stars,187,26
407,7,1,2,0,0,5,1,0,1,1,0 GB,Casual,1 year,No,No,179990,4 stars,31,3
408,7,1,2,0,0,5,1,0,1,1,0 GB,Casual,1 year,No,No,179990,4 stars,91,5
409,0,1,2,0,3,1,1,0,2,1,4 GB,Casual,No warranty,No,No,82990,4 stars,844,118
410,0,1,2,1,3,1,1,0,2,1,4 GB,Casual,1 year,No,No,87990,3 stars,0,0
411,0,1,2,1,3,1,1,0,2,1,4 GB,Casual,No warranty,No,No,84500,4 stars,3,0
412,5,1,2,1,3,5,1,0,2,1,0 GB,ThinNlight,No warranty,No,No,74190,4 stars,21,3
413,1,1,2,1,3,1,1,0,2,1,0 GB,ThinNlight,1 year,No,Yes,64990,3 stars,4,0
414,1,1,2,0,3,1,6,3,2,1,0 GB,ThinNlight,3 years,Yes,No,155411,3 stars,0,0
415,1,1,2,0,3,1,6,3,2,1,0 GB,ThinNlight,3 years,Yes,No,125394,3 stars,0,0
416,2,1,2,1,3,1,0,1,2,1,0 GB,Casual,No warranty,No,No,49990,3 stars,0,0
417,2,1,2,1,3,1,0,1,2,1,0 GB,ThinNlight,1 year,No,No,46990,3 stars,253,28
418,5,1,2,1,3,1,0,1,2,1,0 GB,ThinNlight,1 year,No,Yes,48990,3 stars,470,46
419,2,1,2,5,3,1,0,1,2,1,2 GB,Casual,1 year,No,Yes,59999,4 stars,118,28
420,0,1,2,0,3,1,0,1,2,1,0 GB,ThinNlight,1 year,No,No,46990,4 stars,1444,179
421,6,1,2,0,3,1,0,1,2,1,4 GB,Casual,2 years,No,No,52990,4 stars,1114,137
422,1,1,2,4,3,1,0,1,2,0,2 GB,Casual,No warranty,No,No,57999,3 stars,0,0
423,1,1,2,3,3,0,0,1,2,1,0 GB,Casual,No warranty,No,No,52490,3 stars,78,17
424,1,1,2,5,3,1,0,1,2,1,4 GB,Casual,1 year,No,No,56990,4 stars,21,5
425,2,1,2,5,3,1,0,1,2,1,2 GB,ThinNlight,1 year,No,No,61990,4 stars,73,21
426,5,1,2,1,3,1,0,1,2,0,0 GB,Casual,No warranty,No,No,58090,3 stars,0,0
427,0,1,2,0,3,1,0,1,2,1,0 GB,Casual,No warranty,No,No,56990,3 stars,0,0
428,2,1,2,5,3,1,0,1,2,1,0 GB,ThinNlight,1 year,No,No,61597,3 stars,0,0
429,0,1,2,5,3,1,0,1,2,1,0 GB,ThinNlight,No warranty,No,No,81990,3 stars,0,0
430,0,1,2,0,3,1,0,1,2,1,0 GB,Casual,No warranty,No,No,61249,3 stars,0,0
431,5,1,2,1,3,1,0,1,2,0,0 GB,Casual,No warranty,No,No,58990,3 stars,0,0
432,0,1,2,0,3,1,0,1,2,1,2 GB,Casual,No warranty,No,No,83990,3 stars,0,0
433,6,1,2,0,3,4,0,3,0,0,6 GB,Casual,No warranty,No,No,291190,4 stars,7,3
434,6,1,2,0,3,4,0,3,0,0,6 GB,Casual,No warranty,No,No,145990,4 stars,715,106
435,6,1,2,0,3,4,0,3,0,0,8 GB,Casual,No warranty,No,No,179990,4 stars,24,5
436,4,1,2,5,3,1,0,1,2,1,2 GB,Casual,1 year,No,Yes,64990,4 stars,23,4
437,4,1,2,5,3,1,0,1,2,1,0 GB,Casual,1 year,No,No,46790,4 stars,3062,325
438,4,1,2,4,2,1,0,1,2,1,0 GB,Casual,1 year,No,No,44599,4 stars,122,12
439,2,1,2,5,3,1,0,1,2,1,2 GB,Casual,1 year,No,No,72964,4 stars,18,6
440,4,1,2,0,3,1,0,1,2,0,0 GB,Casual,1 year,No,Yes,48790,3 stars,11,1
441,2,1,2,0,3,1,0,1,2,1,2 GB,Casual,1 year,No,No,56491,3 stars,30,6
442,0,1,2,1,3,1,4,1,2,0,0 GB,Casual,1 year,No,Yes,50990,4 stars,1188,127
443,0,1,2,0,3,1,4,1,2,1,4 GB,Gaming,No warranty,No,No,55990,4 stars,23,0
444,2,1,2,1,3,1,4,1,2,1,0 GB,Casual,1 year,No,No,57990,4 stars,32,1
445,0,1,2,1,3,1,4,1,2,1,0 GB,Casual,1 year,No,No,52990,3 stars,0,0
446,5,1,2,1,3,1,4,1,2,1,0 GB,Casual,1 year,No,No,57990,4 stars,47,0
447,2,1,2,1,3,1,4,1,2,1,0 GB,ThinNlight,1 year,No,No,56990,4 stars,27,2
448,2,1,2,1,3,1,4,1,2,1,0 GB,Casual,No warranty,No,No,55490,3 stars,8,3
449,5,1,2,1,3,1,4,1,2,1,2 GB,Casual,1 year,No,No,62490,3 stars,157,20
450,0,1,2,1,0,1,4,1,2,1,0 GB,Casual,1 year,No,No,64990,4 stars,10,1
451,1,1,2,1,3,1,4,1,2,1,2 GB,Casual,1 year,No,Yes,59990,4 stars,52,4
452,0,1,2,1,3,1,4,1,2,1,2 GB,Casual,1 year,No,Yes,60190,4 stars,33,4
453,0,1,2,6,3,1,4,1,2,1,4 GB,Gaming,No warranty,No,No,54490,4 stars,343,47
454,1,1,2,6,3,1,4,1,2,1,4 GB,Casual,1 year,No,Yes,60990,4 stars,131,17
455,5,1,2,1,2,1,4,1,2,1,0 GB,ThinNlight,1 year,No,Yes,55790,4 stars,41,4
456,0,1,2,1,0,1,4,1,2,1,0 GB,Casual,1 year,No,Yes,64990,4 stars,328,51
457,0,1,2,1,0,1,4,1,2,1,0 GB,ThinNlight,No warranty,No,No,58990,4 stars,6,1
458,5,1,2,1,3,1,4,1,2,1,0 GB,ThinNlight,1 year,No,Yes,54990,3 stars,353,28
459,4,1,2,1,3,1,4,1,2,1,4 GB,Gaming,1 year,No,Yes,71990,4 stars,127,20
460,5,1,2,1,3,1,4,1,2,1,2 GB,Casual,1 year,No,No,69900,3 stars,0,0
461,1,1,2,1,3,1,4,1,2,1,2 GB,Casual,1 year,No,Yes,65990,4 stars,241,19
462,0,1,2,1,3,1,4,1,2,1,0 GB,Casual,1 year,No,No,49990,3 stars,22,2
463,5,1,2,1,3,1,4,1,2,1,0 GB,ThinNlight,1 year,No,Yes,58990,4 stars,8,1
464,1,1,2,0,3,1,4,1,2,1,4 GB,Gaming,No warranty,No,No,74590,4 stars,898,128
465,0,1,2,0,3,1,4,1,2,0,2 GB,Casual,No warranty,No,No,58990,5 stars,1,1
466,0,1,2,1,3,1,4,1,2,1,0 GB,Casual,1 year,No,No,64990,3 stars,0,0
467,5,1,2,1,3,1,4,1,2,1,2 GB,Casual,No warranty,No,No,66490,3 stars,6,1
468,5,1,2,0,3,1,4,1,2,1,4 GB,Casual,No warranty,No,No,77900,4 stars,179,34
469,5,1,2,1,3,1,4,1,2,1,2 GB,Casual,No warranty,No,No,67490,3 stars,41,5
470,5,1,2,1,3,1,4,1,2,1,0 GB,ThinNlight,1 year,No,Yes,61990,3 stars,0,0
471,5,1,2,1,3,1,4,1,2,1,0 GB,Casual,1 year,No,Yes,58990,4 stars,114,9
472,1,1,2,0,3,1,4,1,2,1,4 GB,Gaming,No warranty,No,No,74999,4 stars,268,25
473,0,1,2,1,3,1,4,1,2,1,0 GB,Casual,1 year,No,Yes,68900,5 stars,6,1
474,5,1,2,1,3,1,4,1,2,1,2 GB,Casual,No warranty,No,No,71695,4 stars,153,16
475,2,1,2,1,0,1,4,1,2,1,0 GB,Casual,No warranty,No,No,62490,3 stars,8,0
476,5,1,2,5,3,1,0,2,2,1,2 GB,Casual,1 year,No,Yes,62317,4 stars,377,53
477,6,1,2,0,3,4,0,3,0,0,8 GB,Casual,No warranty,No,No,207290,3 stars,0,0
478,5,1,3,5,0,1,4,0,2,1,4 GB,Casual,1 year,No,Yes,87990,4 stars,120,21
479,3,1,3,5,3,1,4,0,2,1,0 GB,ThinNlight,No warranty,No,No,73990,3 stars,0,0
485,0,1,3,0,0,1,6,0,2,1,0 GB,Casual,1 year,No,No,57990,4 stars,76,9
486,0,1,3,0,3,1,6,0,2,1,4 GB,Gaming,No warranty,No,No,61990,4 stars,11,2
487,6,1,3,0,0,1,6,0,2,1,4 GB,Casual,2 years,No,No,79990,4 stars,484,56
488,1,1,3,0,3,1,6,0,2,1,4 GB,Gaming,1 year,No,Yes,68990,4 stars,44,2
489,1,1,3,1,0,1,6,0,2,1,0 GB,Casual,1 year,Yes,Yes,85990,4 stars,77,10
490,1,1,3,1,0,1,6,0,2,1,4 GB,Casual,1 year,No,Yes,99990,4 stars,11,3
491,0,1,3,1,3,1,6,0,2,1,0 GB,Casual,1 year,No,Yes,77990,4 stars,21,5
492,1,1,3,1,3,1,6,0,2,1,4 GB,Gaming,No warranty,No,No,79990,4 stars,5,2
493,4,1,3,1,0,1,6,0,2,1,4 GB,Casual,1 year,No,Yes,93190,5 stars,4,0
494,0,1,3,1,0,5,6,0,2,1,0 GB,Casual,1 year,No,Yes,94990,3 stars,0,0
495,1,1,3,1,0,1,6,0,2,1,0 GB,Casual,3 years,Yes,Yes,84990,4 stars,13,2
496,6,1,3,0,3,1,6,0,2,1,0 GB,ThinNlight,No warranty,No,No,57990,4 stars,15,0
497,4,1,3,1,0,1,6,0,2,1,0 GB,Casual,1 year,Yes,Yes,102990,4 stars,11,2
498,5,1,3,1,0,1,6,0,2,1,4 GB,Casual,1 year,No,No,99990,3 stars,0,0
499,0,1,3,1,0,1,6,0,2,1,4 GB,Gaming,No warranty,No,No,94990,4 stars,118,15
500,4,1,3,1,0,1,6,0,2,1,0 GB,Casual,1 year,Yes,Yes,104000,3 stars,0,0
501,6,1,3,1,0,1,6,0,2,1,2 GB,Casual,No warranty,No,No,76990,3 stars,0,0
502,4,1,3,1,0,1,6,0,2,1,4 GB,Gaming,1 year,No,Yes,90190,4 stars,6,1
503,1,1,3,1,0,1,6,0,2,0,0 GB,Casual,No warranty,Yes,No,88488,3 stars,0,0
504,6,1,3,0,0,1,6,0,2,1,4 GB,Casual,1 year,No,No,109990,4 stars,138,30
505,6,1,3,1,0,1,6,0,2,1,4 GB,Casual,No warranty,No,No,86990,3 stars,0,0
506,6,1,3,1,0,5,6,0,2,1,0 GB,Casual,1 year,No,No,89990,3 stars,0,0
507,4,1,3,0,0,3,6,0,2,1,0 GB,Casual,1 year,Yes,Yes,239759,3 stars,0,0
508,0,1,3,1,0,1,6,0,2,1,2 GB,Casual,1 year,No,Yes,78990,4 stars,35,4
509,5,1,3,5,0,0,6,0,2,1,0 GB,ThinNlight,1 year,No,Yes,121890,1 star,3,0
510,0,1,3,5,0,3,6,0,2,1,0 GB,ThinNlight,1 year,No,No,85990,4 stars,18,0
511,6,1,3,1,0,1,6,0,2,1,4 GB,Casual,2 years,No,No,94990,3 stars,0,0
512,4,1,3,1,0,1,6,0,2,1,4 GB,Gaming,1 year,No,Yes,92000,4 stars,8,1
513,4,1,3,0,0,1,6,0,2,1,0 GB,Casual,1 year,Yes,No,162990,3 stars,3,1
514,5,1,3,1,0,5,6,0,2,1,0 GB,ThinNlight,1 year,No,Yes,135300,5 stars,5,2
515,6,1,3,1,0,1,6,0,2,1,0 GB,Casual,No warranty,No,No,64990,4 stars,33,5
516,1,1,3,0,0,1,6,0,2,1,0 GB,ThinNlight,3 years,No,No,174527,3 stars,0,0
517,1,1,3,0,0,1,6,0,2,1,0 GB,ThinNlight,No warranty,No,No,162299,3 stars,0,0
518,5,1,3,0,0,1,6,0,2,1,0 GB,Casual,1 year,Yes,Yes,109190,3 stars,0,0
519,4,1,3,1,0,1,6,0,2,1,0 GB,Casual,1 year,Yes,Yes,99999,3 stars,0,0
520,6,1,3,0,0,1,6,0,2,1,2 GB,Casual,1 year,No,No,104990,4 stars,85,9
521,0,1,3,1,0,5,6,0,2,1,0 GB,ThinNlight,No warranty,Yes,No,109990,3 stars,0,0
522,0,1,3,5,0,0,6,0,2,1,0 GB,ThinNlight,1 year,No,No,99990,4 stars,30,7
523,1,1,3,5,0,1,6,0,2,1,2 GB,ThinNlight,No warranty,No,No,244801,3 stars,0,0
524,0,1,3,1,0,5,6,0,2,1,0 GB,ThinNlight,No warranty,No,No,94990,3 stars,0,0
525,1,1,3,5,0,1,6,0,2,1,0 GB,ThinNlight,1 year,No,Yes,86000,3 stars,0,0
526,1,1,3,0,0,1,6,0,2,0,2 GB,Casual,No warranty,No,No,162399,3 stars,0,0
527,4,1,3,1,0,1,6,0,2,0,0 GB,Casual,No warranty,No,No,119599,3 stars,0,0
528,1,1,3,0,0,3,6,0,2,1,0 GB,ThinNlight,No warranty,No,No,211753,3 stars,0,0
529,1,1,3,1,0,1,6,0,2,0,0 GB,Casual,No warranty,No,No,110999,3 stars,0,0
531,0,1,3,5,3,3,6,0,2,1,0 GB,ThinNlight,1 year,No,No,81990,4 stars,40,4
532,6,1,3,6,3,1,6,0,2,1,4 GB,Casual,2 years,No,No,66990,4 stars,1639,230
533,6,1,3,0,0,1,1,0,2,1,6 GB,Casual,2 years,No,No,84990,4 stars,498,64
534,0,1,3,1,0,5,1,0,2,1,2 GB,Casual,1 year,Yes,Yes,104990,3 stars,0,0
535,0,1,3,1,0,5,1,0,2,1,0 GB,Casual,1 year,Yes,No,134990,3 stars,0,0
536,0,1,3,1,0,1,1,0,2,1,4 GB,Gaming,No warranty,No,No,98990,4 stars,445,56
537,4,1,3,0,0,1,1,0,2,1,6 GB,Casual,1 year,No,Yes,144690,4 stars,17,4
538,0,1,3,1,0,5,1,0,2,1,0 GB,ThinNlight,No warranty,No,No,99990,3 stars,0,0
539,6,1,3,1,0,1,1,0,2,1,6 GB,Casual,2 years,No,No,119990,4 stars,20,3
540,0,1,3,1,0,1,1,0,2,0,4 GB,Casual,1 year,No,No,194990,3 stars,0,0
541,0,1,3,0,0,3,1,0,2,1,2 GB,Casual,1 year,No,Yes,124990,4 stars,17,1
542,5,1,3,1,0,1,1,0,2,1,2 GB,Casual,No warranty,No,No,122410,3 stars,0,0
543,4,1,3,0,0,1,1,0,2,1,0 GB,Casual,1 year,Yes,No,179990,4 stars,13,5
544,6,1,3,1,0,1,1,0,2,1,4 GB,Casual,2 years,Yes,No,154990,4 stars,3,2
545,1,1,3,1,0,5,1,0,2,1,0 GB,Casual,1 year,No,Yes,122990,3 stars,4,2
546,0,1,3,0,0,1,1,0,2,1,6 GB,Casual,1 year,Yes,No,224990,4 stars,9,0
547,6,1,3,2,0,2,1,0,2,1,8 GB,Casual,No warranty,No,No,279990,3 stars,0,0
548,4,1,3,1,0,1,1,0,2,1,4 GB,Casual,No warranty,No,No,121990,3 stars,0,0
549,4,1,3,1,0,1,1,0,2,1,4 GB,Casual,No warranty,No,No,116990,3 stars,0,0
550,1,1,3,1,0,1,1,0,2,1,6 GB,Casual,No warranty,No,No,151098,4 stars,7,0
551,6,1,3,1,0,1,1,0,2,1,8 GB,Casual,2 years,No,No,129990,4 stars,14,3
552,4,1,3,1,0,5,1,0,2,1,0 GB,Casual,1 year,Yes,No,149999,3 stars,0,0
553,6,1,3,2,0,1,1,0,2,1,6 GB,Casual,No warranty,No,No,139990,4 stars,4,2
554,2,1,3,1,0,1,1,0,2,1,6 GB,Casual,1 year,No,No,129990,4 stars,54,7
555,4,1,3,1,0,1,1,0,2,1,8 GB,Casual,1 year,No,Yes,171990,3 stars,0,0
556,5,1,3,1,0,1,1,0,2,1,2 GB,Casual,1 year,No,Yes,93955,4 stars,4,0
557,0,1,3,0,0,1,1,0,2,1,8 GB,Casual,No warranty,No,No,234990,3 stars,0,0
558,4,1,3,1,0,5,1,0,2,1,0 GB,Casual,1 year,Yes,Yes,128500,3 stars,3,1
559,1,1,3,1,0,1,1,0,2,1,0 GB,Casual,1 year,Yes,Yes,102990,4 stars,16,2
560,0,1,3,1,0,5,1,0,2,1,0 GB,Casual,1 year,Yes,No,119990,4 stars,8,1
561,0,1,3,1,0,1,1,0,2,0,6 GB,Casual,No warranty,No,No,120980,3 stars,0,0
562,0,1,3,1,0,1,1,0,2,0,6 GB,Casual,1 year,No,No,157249,4 stars,7,0
563,1,1,3,6,0,1,1,0,2,1,4 GB,ThinNlight,No warranty,No,No,229900,3 stars,0,0
564,0,1,3,1,0,1,1,0,2,1,6 GB,Casual,1 year,No,No,131500,3 stars,0,0
565,0,1,3,0,0,3,1,0,2,1,0 GB,Casual,No warranty,No,No,154990,5 stars,3,0
566,0,1,3,0,0,3,1,0,2,1,0 GB,Casual,No warranty,No,No,165990,3 stars,0,0
567,1,1,3,0,0,5,1,0,2,1,0 GB,ThinNlight,No warranty,No,No,119990,2 stars,2,1
568,0,1,3,0,0,3,1,0,2,1,0 GB,Casual,No warranty,No,No,167990,3 stars,0,0
569,4,1,3,1,0,5,1,0,2,1,0 GB,Casual,1 year,Yes,No,165000,3 stars,0,0
570,3,1,3,0,0,1,1,0,2,1,0 GB,ThinNlight,No warranty,No,No,62990,3 stars,207,49
571,1,1,3,1,0,4,1,0,2,1,0 GB,Casual,1 year,No,Yes,85990,3 stars,7,2
572,4,1,3,1,0,1,1,0,2,1,2 GB,Casual,1 year,No,Yes,94990,3 stars,0,0
573,4,1,3,1,0,1,1,0,2,1,6 GB,Casual,1 year,No,Yes,136990,3 stars,0,0
574,1,1,3,0,0,1,1,0,2,1,8 GB,Casual,1 year,No,Yes,234990,3 stars,0,0
575,2,1,3,0,0,1,3,0,2,1,8 GB,Casual,1 year,No,No,159990,3 stars,4,0
576,0,1,3,0,0,3,3,0,2,1,0 GB,Casual,No warranty,No,No,233990,3 stars,0,0
577,0,1,3,0,0,1,0,1,2,1,2 GB,Casual,No warranty,No,No,93990,3 stars,0,0
578,4,1,3,5,0,1,2,1,2,1,4 GB,Casual,1 year,No,No,116941,3 stars,0,0
579,6,1,3,0,3,1,4,1,2,1,4 GB,Casual,2 years,No,No,63990,4 stars,794,83
580,0,1,3,0,0,1,4,1,2,1,4 GB,Gaming,No warranty,No,No,66990,4 stars,25,4
581,0,1,3,1,0,1,4,1,2,0,0 GB,ThinNlight,No warranty,No,No,82500,3 stars,0,0
582,2,1,3,0,0,1,4,1,2,1,6 GB,Casual,1 year,No,No,119990,4 stars,2038,313
583,6,1,3,0,0,1,4,1,2,1,4 GB,Casual,3 years,No,No,159990,3 stars,0,0
584,0,1,3,5,0,1,4,1,2,1,0 GB,ThinNlight,No warranty,No,No,98912,3 stars,0,0
585,2,1,3,1,0,1,6,1,2,1,4 GB,Casual,1 year,No,No,92990,4 stars,214,37
586,2,1,3,1,0,1,6,1,2,0,6 GB,Casual,1 year,No,No,119990,4 stars,342,54
587,2,1,4,1,1,1,1,0,2,1,8 GB,Casual,1 year,No,No,169990,3 stars,0,0
588,2,1,4,1,0,1,1,0,2,1,6 GB,Casual,1 year,No,No,139990,3 stars,0,0
589,6,1,4,1,0,1,1,0,2,1,6 GB,Casual,No warranty,No,No,192990,3 stars,0,0
590,0,1,4,2,0,2,1,0,2,1,6 GB,Casual,No warranty,No,No,299990,3 stars,0,0
591,0,1,4,0,0,1,1,0,2,1,6 GB,Casual,1 year,Yes,No,269990,4 stars,8,1
592,0,1,4,1,0,1,1,0,2,1,6 GB,Gaming,1 year,No,No,139990,3 stars,0,0
593,1,1,4,0,0,1,1,0,2,0,8 GB,Casual,No warranty,No,No,265998,3 stars,0,0
594,0,1,4,1,0,1,5,0,2,0,6 GB,Casual,1 year,No,No,441990,5 stars,1,1
595,6,1,2,0,3,4,0,3,0,0,4 GB,Casual,No warranty,No,No,86990,4 stars,218,27
596,6,1,2,0,3,4,0,3,0,0,6 GB,Casual,No warranty,No,No,109990,4 stars,78,16
597,6,1,2,0,3,4,0,3,0,0,4 GB,Casual,No warranty,No,No,109590,4 stars,5,2
598,0,1,3,0,0,5,0,3,0,0,6 GB,Casual,No warranty,No,No,146490,3 stars,2,1
599,7,2,5,0,3,1,4,0,1,1,0 GB,Casual,1 year,No,No,85990,4 stars,6725,629
600,7,2,5,0,3,1,4,0,1,1,0 GB,Casual,1 year,No,No,112990,4 stars,640,70
601,7,2,5,0,0,1,4,0,1,1,0 GB,Casual,1 year,No,No,104990,4 stars,45,4
603,7,2,5,0,0,1,4,0,1,1,0 GB,Casual,1 year,No,No,132990,4 stars,640,70
606,7,2,5,0,0,1,6,0,1,1,0 GB,Casual,1 year,No,No,149990,4 stars,640,70
607,7,2,5,0,3,1,6,0,1,1,0 GB,Casual,1 year,No,No,125990,4 stars,399,45
608,7,2,5,0,3,1,6,0,1,1,0 GB,Casual,1 year,No,No,103990,4 stars,809,91
609,7,2,5,0,3,1,6,0,1,1,0 GB,Casual,1 year,No,No,101990,4 stars,809,91
610,7,2,5,0,3,1,6,0,1,1,0 GB,Casual,1 year,No,No,104990,4 stars,6725,629
611,7,2,5,0,3,1,6,0,1,1,0 GB,Casual,1 year,No,No,131990,4 stars,399,45
612,7,2,5,0,0,1,6,0,1,1,0 GB,Casual,1 year,No,No,128990,4 stars,45,4
613,7,2,5,0,0,1,6,0,1,1,0 GB,Casual,1 year,No,No,184990,4 stars,42,8
614,7,2,5,0,0,1,6,0,1,1,0 GB,Casual,1 year,No,No,225990,4 stars,42,8
615,7,2,5,0,2,1,6,0,1,1,0 GB,Casual,1 year,No,No,124990,4 stars,45,4
617,7,2,5,0,3,1,1,0,1,1,0 GB,Casual,1 year,No,No,149990,4 stars,640,70
618,7,2,5,0,0,1,1,0,1,1,0 GB,Casual,1 year,No,No,169990,4 stars,640,70
619,7,2,5,0,0,1,1,0,1,1,0 GB,Casual,1 year,No,No,225990,4 stars,42,8
620,7,2,5,0,0,1,1,0,1,1,0 GB,Casual,1 year,No,No,243990,4 stars,42,8
621,7,2,5,0,1,1,1,0,1,1,0 GB,Casual,1 year,No,No,309990,5 stars,3,1
623,0,1,6,7,2,5,0,3,2,1,0 GB,Casual,No warranty,No,No,45990,3 stars,0,0
624,0,1,6,7,2,1,2,0,2,0,0 GB,Casual,No warranty,Yes,No,58100,3 stars,0,0
625,0,1,6,7,3,5,4,0,2,1,0 GB,Casual,1 year,Yes,No,62990,3 stars,0,0
626,4,1,6,7,3,1,4,0,2,1,0 GB,ThinNlight,1 year,No,Yes,32990,4 stars,77,9
627,0,1,6,7,2,1,4,0,2,1,0 GB,ThinNlight,1 year,No,Yes,33990,4 stars,6,0
628,2,1,6,7,2,1,4,0,2,1,0 GB,Casual,1 year,No,No,30990,4 stars,465,89
629,5,1,6,7,2,1,4,0,2,1,0 GB,ThinNlight,1 year,No,No,36000,4 stars,102,16
630,0,1,6,7,2,1,4,0,2,1,0 GB,ThinNlight,1 year,No,Yes,32990,4 stars,7,1
631,5,1,6,7,2,1,4,0,2,1,0 GB,Casual,1 year,No,No,35990,3 stars,0,0
632,0,1,6,7,2,4,0,1,2,1,0 GB,Casual,No warranty,No,No,27990,3 stars,0,0
633,0,1,6,7,2,1,0,1,2,1,0 GB,Casual,1 year,No,No,25990,3 stars,4741,658
634,0,1,6,7,2,1,0,1,2,1,0 GB,Casual,1 year,No,No,25990,3 stars,2736,350
635,0,1,6,7,2,1,0,1,2,1,0 GB,Casual,No warranty,No,No,30780,3 stars,0,0
636,4,0,7,7,3,1,4,0,2,1,0 GB,ThinNlight,1 year,No,No,37990,4 stars,2214,241
637,0,0,7,7,3,1,4,0,2,1,0 GB,ThinNlight,1 year,No,No,35990,4 stars,2886,375
638,5,0,7,7,3,1,4,0,2,1,0 GB,ThinNlight,No warranty,No,No,39490,4 stars,34,4
639,5,0,7,7,3,1,4,0,2,1,0 GB,ThinNlight,No warranty,No,No,36990,4 stars,137,15
640,5,0,7,7,3,1,4,0,2,1,0 GB,ThinNlight,1 year,No,No,39990,4 stars,7,0
641,0,0,7,7,2,1,4,0,2,1,0 GB,ThinNlight,1 year,No,No,33690,4 stars,170,26
642,5,0,7,7,3,1,4,0,2,1,0 GB,ThinNlight,No warranty,No,No,40590,3 stars,0,0
643,0,0,7,7,2,1,4,0,2,1,0 GB,Casual,1 year,No,No,37990,4 stars,39,3
644,0,0,7,7,2,1,4,0,2,1,0 GB,ThinNlight,1 year,No,Yes,34500,4 stars,2886,375
645,2,0,7,7,3,1,6,0,2,1,0 GB,Casual,1 year,No,No,36990,4 stars,11,2
646,4,0,7,7,3,1,6,0,2,1,0 GB,ThinNlight,No warranty,No,No,43490,4 stars,163,33
647,4,0,7,7,3,1,6,0,2,1,0 GB,ThinNlight,1 year,No,Yes,41490,4 stars,153,21
648,2,0,7,7,2,1,6,0,2,1,0 GB,Casual,No warranty,No,No,34990,3 stars,0,0
649,4,0,7,7,2,1,6,0,2,1,0 GB,ThinNlight,1 year,No,Yes,44490,4 stars,267,42
650,5,0,7,7,2,1,6,0,2,1,0 GB,ThinNlight,No warranty,No,No,40590,3 stars,0,0
651,5,0,7,7,3,1,6,0,2,1,0 GB,ThinNlight,No warranty,No,No,42090,3 stars,3,0
652,5,0,7,7,3,1,0,1,2,1,0 GB,ThinNlight,1 year,No,Yes,35990,4 stars,59,12
653,4,0,7,7,3,1,0,1,2,1,0 GB,ThinNlight,1 year,No,Yes,39490,4 stars,7291,895
654,5,0,7,7,3,1,0,1,2,1,0 GB,ThinNlight,No warranty,No,No,37390,4 stars,38,5
655,5,0,7,7,2,1,0,1,2,1,0 GB,ThinNlight,1 year,No,Yes,52632,3 stars,0,0
656,5,0,7,7,2,1,0,1,2,1,0 GB,Casual,1 year,No,Yes,39990,4 stars,409,39
657,5,0,7,7,2,1,0,1,2,1,0 GB,Casual,1 year,No,No,43990,3 stars,0,0
658,4,0,7,7,2,1,0,1,2,1,0 GB,Casual,1 year,No,No,32917,4 stars,353,58
659,1,0,7,7,2,1,0,1,2,1,0 GB,Casual,No warranty,No,No,34990,3 stars,38,6
660,5,0,7,7,3,1,0,1,2,1,0 GB,ThinNlight,No warranty,No,No,39990,3 stars,18,4
661,4,0,7,7,3,1,4,1,2,1,0 GB,Casual,1 year,No,Yes,41999,4 stars,3524,432
662,5,0,8,7,3,1,4,0,2,1,0 GB,Casual,1 year,No,Yes,41990,4 stars,939,107
663,5,0,8,7,3,1,4,0,2,1,0 GB,ThinNlight,1 year,No,No,44490,4 stars,14,1
664,5,0,8,7,3,1,4,0,2,1,0 GB,Casual,1 year,No,Yes,41990,4 stars,649,84
665,5,0,8,7,3,1,4,0,2,1,0 GB,ThinNlight,1 year,No,Yes,44490,4 stars,8,2
666,6,0,8,7,2,1,4,0,2,1,0 GB,Casual,1 year,No,No,49990,3 stars,0,0
667,5,0,8,7,2,1,4,0,2,1,0 GB,ThinNlight,1 year,No,No,44390,4 stars,276,24
668,4,0,8,7,3,1,6,0,2,1,4 GB,Casual,1 year,No,No,57990,4 stars,4740,532
669,1,0,8,7,3,1,6,0,2,1,4 GB,Gaming,1 year,No,Yes,56990,4 stars,162,15
670,1,0,8,7,3,1,6,0,2,1,0 GB,ThinNlight,1 year,No,No,48990,4 stars,219,27
671,4,0,8,7,3,1,6,0,2,1,0 GB,ThinNlight,1 year,No,Yes,49970,4 stars,193,28
672,6,0,8,7,3,1,6,0,2,1,0 GB,Casual,No warranty,No,No,47990,4 stars,562,89
673,4,0,8,7,3,1,6,0,2,1,0 GB,ThinNlight,1 year,No,Yes,48990,4 stars,45,5
674,2,0,8,7,3,5,6,0,2,1,0 GB,ThinNlight,1 year,No,No,53990,4 stars,7,0
675,1,0,8,7,3,1,6,0,2,1,0 GB,Casual,1 year,No,Yes,52990,4 stars,39,5
676,2,0,8,7,3,1,6,0,2,1,0 GB,Casual,1 year,No,No,43990,3 stars,0,0
677,1,0,8,7,3,1,6,0,2,1,4 GB,Gaming,No warranty,No,No,59490,4 stars,92,10
678,6,0,8,7,3,1,6,0,2,1,4 GB,Casual,No warranty,No,No,64990,4 stars,469,80
679,5,0,8,7,3,1,6,0,2,1,0 GB,ThinNlight,No warranty,No,No,47490,2 stars,2,1
680,4,0,8,7,3,1,6,0,2,1,4 GB,Casual,1 year,No,No,59990,4 stars,1978,188
681,1,0,8,7,3,1,6,0,2,1,4 GB,Casual,No warranty,No,No,69990,4 stars,9,0
682,4,0,8,7,3,1,6,0,2,1,4 GB,Casual,1 year,No,No,58990,4 stars,1049,134
683,5,0,8,7,3,1,6,0,2,1,0 GB,ThinNlight,1 year,No,No,59490,4 stars,74,18
684,4,0,8,7,0,1,6,0,2,1,0 GB,ThinNlight,1 year,No,Yes,67500,4 stars,196,19
685,4,0,8,7,3,1,6,0,2,0,0 GB,Casual,No warranty,No,No,48990,4 stars,17,1
686,0,0,8,7,3,1,6,0,2,1,0 GB,Casual,1 year,Yes,Yes,62450,4 stars,172,36
687,0,0,8,7,3,1,6,0,2,1,0 GB,Casual,1 year,No,No,58990,4 stars,324,34
688,4,0,8,7,3,1,6,0,2,1,0 GB,ThinNlight,1 year,No,Yes,57999,4 stars,86,15
689,0,0,8,7,0,1,6,0,2,1,0 GB,Casual,No warranty,No,No,56990,4 stars,4,1
690,4,0,8,7,3,1,6,0,2,1,4 GB,Casual,1 year,No,Yes,72990,4 stars,16,4
691,4,0,8,7,0,1,6,0,2,1,0 GB,Casual,1 year,No,Yes,65990,4 stars,104,18
692,4,0,8,7,0,1,6,0,2,1,0 GB,Casual,1 year,Yes,Yes,98020,3 stars,0,0
693,4,0,8,7,0,1,6,0,2,1,2 GB,Casual,1 year,No,Yes,63990,4 stars,90,13
694,0,0,8,7,3,1,6,0,2,0,0 GB,ThinNlight,1 year,No,Yes,49890,4 stars,6,1
695,5,0,8,7,3,1,6,0,2,1,0 GB,ThinNlight,1 year,No,Yes,49990,4 stars,47,7
696,5,0,8,7,3,1,6,0,2,1,0 GB,ThinNlight,1 year,No,Yes,59490,3 stars,0,0
697,4,0,8,7,3,1,6,0,2,1,0 GB,Casual,1 year,Yes,Yes,73999,4 stars,206,27
698,5,0,8,7,2,1,6,0,2,1,0 GB,ThinNlight,1 year,No,Yes,60990,4 stars,183,42
699,5,0,8,7,2,1,6,0,2,1,6 GB,Casual,No warranty,No,No,76190,4 stars,358,64
700,1,0,8,7,2,5,6,0,2,1,0 GB,ThinNlight,3 years,Yes,Yes,74798,3 stars,0,0
701,0,0,8,7,2,1,6,0,2,1,0 GB,Casual,1 year,No,No,58990,4 stars,88,13
702,4,0,8,7,2,1,6,0,2,0,4 GB,Casual,No warranty,No,No,68100,3 stars,0,0
703,1,0,8,7,2,1,6,0,2,1,0 GB,ThinNlight,1 year,Yes,Yes,77990,3 stars,0,0
704,4,0,8,7,2,1,6,0,2,1,0 GB,ThinNlight,1 year,No,Yes,55090,4 stars,364,52
705,0,0,8,7,2,5,6,0,2,1,0 GB,Casual,No warranty,Yes,No,91990,3 stars,0,0
706,4,0,8,7,2,1,6,0,2,1,0 GB,Casual,1 year,No,Yes,84208,3 stars,0,0
707,2,0,8,7,2,1,6,0,2,1,0 GB,Casual,1 year,No,No,44990,4 stars,313,39
708,4,0,8,7,2,1,6,0,2,1,0 GB,ThinNlight,1 year,No,Yes,53490,4 stars,826,118
709,1,0,8,7,2,1,6,0,2,1,4 GB,Casual,No warranty,No,No,76498,3 stars,0,0
710,5,0,8,7,2,1,6,0,2,1,4 GB,Casual,1 year,No,No,98920,3 stars,0,0
711,6,0,8,7,2,1,6,0,2,1,0 GB,Casual,No warranty,No,No,54990,4 stars,1410,203
712,2,0,8,7,2,1,6,0,2,1,0 GB,Casual,1 year,No,No,49990,4 stars,47,6
713,4,0,8,7,2,1,6,0,2,0,0 GB,Casual,No warranty,No,No,52380,3 stars,0,0
714,2,0,8,7,2,1,6,0,2,1,0 GB,ThinNlight,1 year,No,No,49990,4 stars,6,1
715,4,0,8,7,2,1,6,0,2,1,0 GB,ThinNlight,1 year,No,Yes,52500,4 stars,741,67
716,0,0,8,7,2,1,6,0,2,1,0 GB,ThinNlight,1 year,No,Yes,49990,4 stars,14,2
717,2,0,8,7,2,1,6,0,2,1,0 GB,ThinNlight,1 year,No,No,75999,3 stars,0,0
718,0,0,8,7,2,1,6,0,2,1,0 GB,Casual,1 year,No,No,80990,3 stars,0,0
719,1,0,8,7,2,1,6,0,2,0,0 GB,Casual,1 year,No,No,59900,3 stars,3,0
720,4,0,8,7,2,1,6,0,2,1,0 GB,ThinNlight,1 year,No,Yes,54590,4 stars,349,69
721,5,0,8,7,2,1,6,0,2,1,0 GB,Casual,1 year,Yes,Yes,75500,3 stars,0,0
722,4,0,8,7,3,1,6,0,2,1,0 GB,ThinNlight,1 year,No,Yes,51890,4 stars,519,48
723,0,0,8,7,0,1,6,0,2,1,0 GB,Casual,1 year,No,No,78000,2 stars,3,0
724,4,0,8,7,0,1,6,0,2,1,0 GB,ThinNlight,1 year,No,Yes,59999,4 stars,19,1
725,4,0,8,7,3,1,6,0,2,1,4 GB,Gaming,1 year,No,Yes,64990,3 stars,8,1
726,5,0,8,7,2,1,1,0,2,0,0 GB,Casual,No warranty,No,No,57900,4 stars,3,1
727,1,0,8,7,2,5,1,0,2,1,0 GB,ThinNlight,3 years,Yes,Yes,81978,3 stars,0,0
728,4,0,8,7,2,1,0,1,2,1,4 GB,Gaming,1 year,No,No,59990,4 stars,1480,151
729,5,0,8,7,3,1,4,1,2,1,0 GB,Casual,No warranty,No,No,49490,4 stars,31,3
730,0,0,8,7,3,1,4,1,2,1,0 GB,Casual,1 year,No,No,54990,4 stars,18,3
731,1,0,8,7,3,1,4,1,2,1,4 GB,Casual,No warranty,No,No,68500,4 stars,271,24
732,0,0,8,7,3,1,4,1,2,1,0 GB,Casual,1 year,No,No,54990,4 stars,49,6
733,0,0,8,7,3,1,4,1,2,0,0 GB,Casual,1 year,No,Yes,54990,4 stars,474,65
734,1,0,8,7,3,1,4,1,2,1,0 GB,Gaming,1 year,No,Yes,63990,4 stars,861,116
735,4,0,8,7,2,1,4,1,2,1,4 GB,Gaming,1 year,No,No,80000,4 stars,34,6
736,5,0,8,7,2,1,4,1,2,0,0 GB,Casual,No warranty,No,No,51990,3 stars,0,0
737,0,0,8,7,2,1,4,1,2,1,0 GB,Casual,1 year,No,Yes,62990,4 stars,165,34
738,4,0,8,7,2,1,4,1,2,1,0 GB,ThinNlight,1 year,No,No,52990,4 stars,698,74
739,0,0,8,7,2,1,4,1,2,1,0 GB,ThinNlight,1 year,No,Yes,75100,3 stars,0,0
740,0,0,9,7,0,1,6,0,2,0,4 GB,Gaming,No warranty,No,No,76990,4 stars,22,3
741,0,0,9,7,0,1,6,0,2,1,4 GB,Casual,1 year,No,No,79990,3 stars,0,0
742,0,0,9,7,3,1,6,0,2,1,4 GB,Casual,No warranty,No,No,71990,4 stars,144,16
743,0,0,9,7,3,1,6,0,2,1,4 GB,Casual,No warranty,No,No,71990,4 stars,1810,235
744,1,0,9,7,0,1,6,0,2,1,4 GB,Casual,1 year,No,Yes,99990,4 stars,26,1
745,0,0,9,7,0,1,6,0,2,1,0 GB,Casual,1 year,No,No,79990,3 stars,0,0
746,5,0,9,7,0,1,6,0,2,1,4 GB,Casual,1 year,No,No,93990,3 stars,0,0
747,0,0,9,7,0,1,6,0,2,1,4 GB,Gaming,No warranty,No,No,82990,4 stars,1067,145
748,0,0,9,7,2,2,6,0,2,1,4 GB,Casual,No warranty,No,No,106990,3 stars,0,0
749,0,0,9,7,2,1,6,0,2,1,0 GB,Casual,1 year,No,No,92990,4 stars,25,4
750,1,1,9,7,2,1,6,0,2,0,4 GB,Casual,3 years,No,Yes,81490,3 stars,0,0
751,0,0,9,7,2,1,6,0,2,1,0 GB,Casual,1 year,No,Yes,56990,3 stars,0,0
752,6,0,9,7,2,1,6,0,2,1,0 GB,Casual,No warranty,No,No,64990,3 stars,0,0
753,1,0,9,7,2,1,6,0,2,1,0 GB,Casual,1 year,No,Yes,60990,4 stars,530,69
754,1,0,9,7,2,1,6,0,2,1,4 GB,Casual,1 year,No,Yes,84988,3 stars,0,0
755,4,0,9,7,2,1,6,0,2,1,4 GB,Casual,1 year,No,No,90990,4 stars,273,40
756,0,0,9,7,2,1,6,0,2,1,0 GB,Casual,1 year,No,No,63990,4 stars,77,7
757,1,0,9,7,2,1,6,0,2,1,0 GB,Casual,1 year,No,Yes,63990,4 stars,105,10
758,4,0,9,7,2,1,6,0,2,1,0 GB,ThinNlight,1 year,No,Yes,57999,4 stars,44,5
759,0,0,9,7,2,1,6,0,2,0,4 GB,Casual,No warranty,No,No,72400,3 stars,0,0
760,1,0,9,7,2,1,6,0,2,1,0 GB,Casual,1 year,Yes,No,78990,4 stars,6,0
761,2,0,9,7,2,1,6,0,2,1,0 GB,ThinNlight,1 year,No,No,59990,3 stars,0,0
762,0,0,9,7,2,2,6,0,2,0,4 GB,Casual,1 year,No,No,111990,3 stars,0,0
763,4,0,9,7,2,1,6,0,2,0,0 GB,Casual,No warranty,Yes,No,109000,3 stars,0,0
764,5,0,9,7,2,1,6,0,2,1,6 GB,Casual,No warranty,No,No,89990,4 stars,191,27
765,1,0,9,7,2,1,6,0,2,1,0 GB,Casual,3 years,Yes,Yes,78988,3 stars,0,0
766,1,0,9,7,2,1,6,0,2,1,4 GB,Casual,No warranty,No,No,73138,3 stars,4,1
767,1,0,9,7,2,1,6,0,2,1,4 GB,Casual,1 year,No,No,106990,3 stars,0,0
768,0,0,9,7,2,1,6,0,2,0,4 GB,Casual,No warranty,No,No,79990,3 stars,0,0
769,5,0,9,7,2,1,6,0,2,1,0 GB,Casual,1 year,Yes,Yes,89570,3 stars,0,0
770,4,0,9,7,2,1,6,0,2,1,0 GB,ThinNlight,1 year,No,Yes,68500,4 stars,134,22
771,1,0,9,7,0,1,6,0,2,1,0 GB,Casual,1 year,No,No,73400,3 stars,0,0
772,4,0,9,7,0,1,6,0,2,1,2 GB,Casual,1 year,No,Yes,79990,3 stars,23,6
773,4,0,9,7,0,1,6,0,2,1,4 GB,Gaming,1 year,No,Yes,84990,2 stars,4,2
774,6,0,9,7,0,1,1,0,2,1,8 GB,Casual,1 year,No,No,99990,4 stars,108,24
775,0,0,9,7,3,5,1,0,2,1,4 GB,Casual,No warranty,No,No,72990,4 stars,198,24
776,4,0,9,7,0,1,1,0,2,1,0 GB,ThinNlight,1 year,Yes,Yes,92990,3 stars,0,0
777,4,0,9,7,0,1,1,0,2,1,0 GB,ThinNlight,1 year,No,Yes,84190,3 stars,0,0
778,0,0,9,7,0,5,1,0,2,1,0 GB,Casual,No warranty,Yes,No,112990,3 stars,0,0
779,0,0,9,7,2,2,1,0,2,0,4 GB,Casual,1 year,No,No,114990,3 stars,0,0
780,2,0,9,7,2,1,1,0,2,1,4 GB,Casual,1 year,No,No,99990,3 stars,0,0
781,0,0,9,7,2,1,1,0,2,0,4 GB,Gaming,No warranty,No,No,95990,4 stars,57,3
782,4,0,9,7,2,1,1,0,2,1,8 GB,Casual,1 year,No,No,159990,4 stars,17,2
783,0,0,9,7,2,1,1,0,2,1,0 GB,Casual,1 year,No,Yes,76990,3 stars,0,0
784,1,0,9,7,2,1,1,0,2,1,6 GB,Casual,1 year,No,Yes,130990,3 stars,0,0
785,0,0,9,7,2,1,1,0,2,1,0 GB,Casual,1 year,No,No,99990,3 stars,0,0
786,0,0,9,7,2,2,1,0,2,1,4 GB,Casual,No warranty,No,No,112990,3 stars,0,0
787,1,0,9,7,2,1,1,0,2,1,0 GB,Casual,1 year,No,Yes,77988,3 stars,0,0
788,0,0,9,7,2,1,1,0,2,1,0 GB,Casual,1 year,No,Yes,76000,5 stars,1,1
789,0,0,9,7,2,5,1,0,2,1,4 GB,Casual,1 year,Yes,No,99990,4 stars,77,15
790,0,0,9,7,2,1,1,0,2,1,0 GB,Casual,1 year,No,No,111000,3 stars,0,0
791,0,0,9,7,0,5,1,0,2,1,0 GB,ThinNlight,1 year,No,Yes,84970,3 stars,2,1
792,4,0,9,7,0,1,4,1,2,1,4 GB,Gaming,1 year,No,Yes,75990,4 stars,1084,123
793,2,0,9,7,0,1,4,1,2,1,6 GB,Casual,1 year,No,No,89990,4 stars,272,36
794,2,0,9,7,0,1,4,1,2,1,4 GB,Casual,No warranty,No,No,81990,4 stars,141,24
795,1,0,9,7,2,1,6,1,2,0,0 GB,Casual,No warranty,No,No,80490,3 stars,0,0
796,0,0,10,7,0,1,1,0,2,1,6 GB,Casual,1 year,No,No,135990,3 stars,0,0
797,0,0,10,7,0,1,1,0,2,0,0 GB,Casual,1 year,No,No,154990,4 stars,194,42
798,0,0,10,7,0,1,1,0,2,1,8 GB,Casual,1 year,No,Yes,199990,4 stars,9,2
799,0,0,10,7,0,1,1,0,2,1,4 GB,Casual,No warranty,No,No,114990,4 stars,28,4
800,0,0,10,7,0,1,1,0,2,1,6 GB,Casual,1 year,No,Yes,129990,4 stars,204,35
801,0,0,10,7,0,5,1,0,2,1,4 GB,Casual,1 year,Yes,Yes,114990,4 stars,32,6
802,6,0,10,7,2,1,1,0,2,1,0 GB,Casual,No warranty,No,No,146990,3 stars,0,0
803,0,0,10,7,2,1,1,0,2,1,0 GB,Casual,1 year,No,No,104990,4 stars,14,2
804,0,0,10,7,2,5,1,0,2,1,4 GB,Casual,1 year,Yes,No,114990,4 stars,14,1
805,0,0,10,7,2,5,1,0,2,1,4 GB,Casual,1 year,Yes,Yes,124990,5 stars,3,0
806,0,0,10,7,2,5,1,0,2,1,0 GB,Casual,No warranty,Yes,No,134990,3 stars,0,0
807,4,0,10,7,2,1,1,0,2,1,8 GB,Casual,1 year,No,Yes,141990,3 stars,0,0
808,0,0,10,7,2,1,1,0,2,1,0 GB,Casual,1 year,No,No,129990,3 stars,0,0
809,0,0,10,7,2,5,1,0,2,1,4 GB,Casual,1 year,Yes,Yes,142990,4 stars,4,1
810,0,0,10,7,2,1,1,0,2,1,0 GB,Casual,1 year,No,No,121990,3 stars,0,0
811,0,0,10,7,2,5,1,0,2,1,4 GB,Casual,1 year,Yes,Yes,124990,4 stars,44,12
812,0,0,10,7,2,1,1,0,2,1,6 GB,Casual,No warranty,No,No,141990,4 stars,61,13
813,0,0,10,7,2,1,1,0,2,1,4 GB,Casual,1 year,No,No,162990,3 stars,0,0
814,0,0,10,7,2,1,1,0,2,1,0 GB,Casual,1 year,No,No,130500,3 stars,0,0
815,0,0,10,7,2,1,1,0,2,1,4 GB,Casual,No warranty,No,No,116990,3 stars,0,0
816,0,0,10,7,2,1,1,0,2,0,6 GB,Casual,No warranty,No,No,138990,3 stars,0,0
817,0,0,10,7,2,5,1,0,2,1,4 GB,Casual,1 year,Yes,Yes,234990,3 stars,0,0
818,0,0,10,7,2,1,1,0,2,1,0 GB,Casual,1 year,No,No,135990,3 stars,0,0
819,0,0,10,7,2,1,1,0,2,1,0 GB,Casual,1 year,No,No,144990,3 stars,0,0
820,0,0,10,7,2,1,1,0,2,1,4 GB,Casual,1 year,No,No,149990,3 stars,0,0
821,0,0,10,7,2,1,1,0,2,1,4 GB,Casual,1 year,No,No,142990,3 stars,0,0
822,1,0,8,0,3,1,6,0,0,1,0 GB,ThinNlight,No warranty,No,No,57490,4 stars,18,4
